NTFC_SN,area_ha,n_seo,n_nat,d_seo,d_nat
11000NTC201706088160,1.3245721077898145,2.0,0.0,1.50992157258785,0.0
11530NTC202405200001,0.8429768842321661,19.0,14.0,22.539170830652537,16.607810085743974
11000NTC202412170003,14.591220656961587,1148.0,2.0,78.677447691964,0.1370687242020279
11440NTC202309250005,0.18134566614164851,8.0,6.0,44.11464674182633,33.08598505636975
11440NTC202309050007,0.47752066347810235,26.0,19.0,54.447905585120886,39.78885408143449
11470NTC202406040001,9.83519015404295,277.0,261.0,28.164173306413772,26.537361851891678
11000NTC201305166832,1.0804643226299073,2.0,1.0,1.8510560303665504,0.9255280151832752
11230NTC202304250007,0.702673193603074,21.0,0.0,29.885870403450284,0.0
11000NTC201111176310,20.751300563389176,24.0,9.0,1.1565540158163579,0.4337077559311342
11000NTC201107146172,6.711140853845673,82.0,2.0,12.218488895671396,0.29801192428466816
11140NTC202302230008,2.830962487706341,140.0,113.0,49.453145567262055,39.91575320786151
11110NTC201910100003,1.0961480121472178,126.0,0.0,114.9479802031312,0.0
11000NTC199309274074,6.337925509940919,24.0,14.0,3.7867280015134988,2.208924667549541
11560NTC202102150003,2.7059412468923796,208.0,1.0,76.86789217573597,0.3695571739218076
11230NTC201905210001,5.515896870550785,380.0,1.0,68.89178839234815,0.18129417997986352
11000NTC201807260001,2.227648567929422,80.0,40.0,35.9123073323721,17.95615366618605
11000NTC201507307550,18.109966217076483,656.0,3.0,36.223148742344755,0.16565464363877175
11000NTC201709228288,1.5589012130254993,86.0,0.0,55.167062082844936,0.0
11140NTC202109170002,1.8596854687949105,151.0,92.0,81.1965262587383,49.47073123048956
11000NTC197608261728,2.541765788741523,53.0,33.0,20.85164582620388,12.983100231409965
11000NTC201903210030,2.4457349484103084,8.0,0.0,3.2710004022307824,0.0
11380NTC202408050002,3.7249105615537244,212.0,167.0,56.91411820410828,44.83329122682114
11230NTC202306010006,3.5291343042909227,275.0,5.0,77.92279247226135,1.4167780449502063
11000NTC198411176431,3.541431422817824,18.0,9.0,5.082690542593614,2.541345271296807
11290NTC201905080009,7.531168432932894,391.0,153.0,51.91757474048834,20.315572724538917
,12.456302157038701,199.0,0.0,15.975848810599924,0.0
11140NTC202306290001,6.38796941349548,747.0,451.0,116.93856868222599,70.60146516155812
11000NTC200510209017,1.1729801271142084,9.0,0.0,7.672764262547226,0.0
11000NTC201801180003,5.515065724560644,81.0,40.0,14.687041650161447,7.2528600741538005
11000NTC200908063690,8.397121579294353,27.0,3.0,3.2153875283378865,0.35726528092643184
11000NTC200903303096,3.8109189343148997,25.0,17.0,6.5600975593815205,4.460866340379434
11000NTC197706302062,0.7859233421629491,4.0,1.0,5.089554903651992,1.272388725912998
11380NTC202008310004,12.087202690240458,45.0,1.0,3.7229457595125997,0.08273212798916887
11000NTC200908133698,6.6783312481992745,81.0,1.0,12.128778431264637,0.14973800532425477
11000NTC200702260766,17.390191201278896,71.0,65.0,4.082761320920875,3.737739237462773
11000NTC201003314693,5.511370135144384,29.0,19.0,5.261849465539529,3.4474186153534845
11000NTC200912244313,1.2272181101343171,145.0,78.0,118.15340631188207,63.55838408501242
11000NTC201502057397,4.39241722064444,26.0,8.0,5.919291973858844,1.8213206073411825
11000NTC202504150001,13.199229995360854,496.0,386.0,37.57794963602647,29.244130160294787
11000NTC198609308227,8.921593096485411,52.0,25.0,5.828555442691617,2.802190116678662
11000NTC198605207848,4.378426598542854,11.0,11.0,2.5123180102324465,2.5123180102324465
11000NTC201104076042,11.466902269028928,39.0,5.0,3.4010929094020006,0.436037552487436
11590NTC202505090002,7.2870222028938905,366.0,218.0,50.226277594522855,29.916198130070992
11000NTC200405106198,0.8043036702501474,15.0,8.0,18.64967244938076,9.946491973003072
11000NTC200203222245,0.6616205814166385,3.0,1.0,4.534320854373222,1.511440284791074
11230NTC202212050003,2.459265307501843,197.0,125.0,80.10522467790001,50.82818824739849
11000NTC201108116201,2.312364512015029,2.0,1.0,0.8649155397464433,0.43245776987322165
11000NTC198805039765,0.6132408917456899,6.0,4.0,9.784083352497948,6.522722234998632
11000NTC199309254070,1.1633456300624807,10.0,5.0,8.595897677857716,4.297948838928858
11000NTC200010219939,1.7786120221555575,13.0,10.0,7.309070127753257,5.622361636733275
11000NTC198512137443,36.56721043392521,614.0,512.0,16.790999168762454,14.00161494202993
11410NTC202502240001,4.408382372374624,326.0,0.0,73.95002802907872,0.0
11000NTC198804159720,9.636554000372474,186.0,16.0,19.30150549592839,1.6603445587895387
11000NTC201107296193,6.14195097738429,28.0,23.0,4.558812029451353,3.744738452763612
11000NTC201511267653,3.103270324452422,133.0,1.0,42.85801302967962,0.3222406994712753
11000NTC200609290410,1.9289616833279872,23.0,10.0,11.92351315155141,5.184136152848438
11290NTC202008200003,8.894752827760735,51.0,2.0,5.733717505991598,0.2248516669016313
11000NTC200510209017,1.1729801271142084,9.0,0.0,7.672764262547226,0.0
11000NTC201801180003,5.515065724560644,81.0,40.0,14.687041650161447,7.2528600741538005
11000NTC202508180001,4.5863520992251665,170.0,83.0,37.066495620499865,18.097171391185228
11000NTC197911223505,5.11123230888707,61.0,13.0,11.934499610580655,2.5434179497958773
11440NTC202102090001,6.209847623579648,396.0,5.0,63.76968067563097,0.8051727358034213
11000NTC201804190001,10.204952450408245,550.0,24.0,53.895400558970515,2.3517992971187134
11110NTC202101060007,1.270579163323403,42.0,8.0,33.0557915731455,6.296341252027714
11000NTC202012010001,0.21605612839179258,11.0,6.0,50.912696075219785,27.770561495574427
11000NTC198809240057,2.2236226384216216,19.0,9.0,8.544615292047322,4.047449348864521
11000NTC200711221590,2.727733459506732,7.0,7.0,2.5662331396799454,2.5662331396799454
11000NTC201103256029,1.3936375902285651,15.0,7.0,10.763199920246057,5.0228266294481605
11000NTC199812298456,5.946182990443413,36.0,28.0,6.05430409017995,4.708903181251072
11000NTC198707219009,3.7534374054172908,38.0,20.0,10.12405320657674,5.328449056093021
11500NTC202404030006,3.506493439063348,151.0,136.0,43.0629637910673,38.7851859310275
11000NTC200701150696,3.6461841441168437,26.0,18.0,7.130742434375201,4.936667839182832
11230NTC202302060002,1.1267120054032576,98.0,55.0,86.9787483669575,48.814603675333295
11000NTC202204270002,27.231860718600103,1798.0,890.0,66.02560209085959,32.68230581805619
11470NTC202307050003,10.56806766158627,178.0,1.0,16.843192691414142,0.09462467804165249
11000NTC200704200954,7.776123948113892,30.0,28.0,3.8579631960826104,3.600765649677103
11000NTC200705100990,0.11214364850109876,2.0,1.0,17.834269053413262,8.917134526706631
11440NTC202204210002,5.1887916143225254,68.0,3.0,13.105170732295523,0.5781692970130378
11000NTC202407080002,0.5800979842479577,33.0,0.0,56.88694133764555,0.0
11000NTC201407247268,1.3947931365751725,153.0,0.0,109.69368574302133,0.0
11140NTC202012150005,0.3697497104786165,13.0,9.0,35.1589186727756,24.340789850383107
11290NTC202508180006,4.404727866304728,314.0,218.0,71.28703736774209,49.49227435085279
11000NTC200708021331,4.288330402140382,12.0,11.0,2.7982918466381665,2.5651008594183193
11230NTC202304250007,0.702673193603074,21.0,0.0,29.885870403450284,0.0
11290NTC202305090006,3.673678740569531,150.0,140.0,40.83100635434047,38.1089392640511
11000NTC201509247601,0.9723529551368718,23.0,0.0,23.65396215283003,0.0
11290NTC201905080009,7.531168432932894,391.0,153.0,51.91757474048834,20.315572724538917
11000NTC198804159720,9.636554000372474,186.0,16.0,19.30150549592839,1.6603445587895387
11000NTC198804159720,0.522312600699711,14.0,4.0,26.80387182167353,7.658249091906722
11140NTC202502140001,1.2446297795836778,84.0,1.0,67.48994872041192,0.8034517704810942
11000NTC201507307550,18.109966217076483,656.0,3.0,36.223148742344755,0.16565464363877175
11000NTC201709228288,1.5589012130254993,86.0,0.0,55.167062082844936,0.0
11230NTC202309270012,2.8975864215833464,253.0,136.0,87.31404803510627,46.93561475404922
11000NTC201008055256,3.5613163209650223,109.0,92.0,30.60666062105483,25.83314474437655
11440NTC202410140001,0.32728329697984837,9.0,0.0,27.499111879681877,0.0
11560NTC202507080015,1.4968771612283946,56.0,34.0,37.411219471104936,22.71395467888514
11000NTC201612017953,0.30068187172489336,4.0,0.0,13.303096648472943,0.0
11590NTC202003200001,2.667439371513072,186.0,135.0,69.72979479360905,50.610334930845276
11000NTC201809200003,0.16090994154049282,8.0,0.0,49.71725129852719,0.0
11000NTC197312011134,3.5359376823459265,48.0,1.0,13.574899874410196,0.28281041405021246
11000NTC200304014039,2.4481558737510416,10.0,9.0,4.084707230948531,3.6762365078536785
11140NTC202504070004,0.08231672725230954,5.0,3.0,60.74099599069904,36.44459759441942
11000NTC199904068649,8.857062421160979,48.0,40.0,5.419404054929104,4.5161700457742535
11140NTC202002030001,0.009813423922603532,1.0,1.0,101.90123323793973,101.90123323793973
11000NTC202505210005,7.733710191628774,372.0,292.0,48.101104228429094,37.75678073844434
11000NTC200301223761,0.405961955872787,6.0,3.0,14.779710052141366,7.389855026070683
11000NTC200311055121,11.379674468185275,73.0,59.0,6.414946245087217,5.184682581645832
11110NTC201910100003,1.0961480121472178,126.0,0.0,114.9479802031312,0.0
11000NTC199309274074,6.337925509940919,24.0,14.0,3.7867280015134988,2.208924667549541
11560NTC202102150003,2.7059412468923796,208.0,1.0,76.86789217573597,0.3695571739218076
11000NTC198307025356,3.197006358613831,15.0,10.0,4.6918893231428385,3.1279262154285594
11000NTC200703020788,0.5986592095810365,4.0,4.0,6.6815977036406835,6.6815977036406835
11000NTC200312055319,11.34557551321149,54.0,37.0,4.759564637079808,3.261183177258387
11000NTC201104146050,0.6502015164701312,4.0,0.0,6.151938896906204,0.0
11290NTC202103190001,1.5659675166013098,83.0,1.0,53.002376562790175,0.6385828501540985
11000NTC200901082656,9.578770969454753,702.0,0.0,73.28706388727441,0.0
11560NTC202306160002,2.7691971567792133,114.0,65.0,41.16716634672219,23.472507127517037
11110NTC202202030004,3.7440007508655655,244.0,137.0,65.17092710079994,36.591873003318
11000NTC200812262559,1.8690309525105235,62.0,47.0,33.17227032367775,25.14672105182023
11000NTC201009305435,0.19349835084239994,1.0,1.0,5.168002702072006,5.168002702072006
11530NTC202506110005,8.351355020280197,476.0,368.0,56.99673871414817,44.064705560517915
11000NTC202504150002,11.421313133631081,459.0,353.0,40.18802344613364,30.90712914266923
11000NTC202504150001,13.199229995360854,496.0,386.0,37.57794963602647,29.244130160294787
11000NTC198507117079,1.5019106125865476,11.0,4.0,7.324004443284487,2.6632743430125405
11000NTC201904023250,10.203680059092237,549.0,24.0,53.804117418479834,2.352092564742288
11000NTC201903183010,3.5081968938571952,256.0,1.0,72.9719590277993,0.285046714952341
11320NTC202305230007,1.497545353006537,45.0,35.0,30.049173408775932,23.37157931793684
11290NTC202503050004,3.3231988435237247,155.0,108.0,46.6418072761626,32.498807650487485
11000NTC200604069911,7.699563877454643,89.0,33.0,11.559096257465173,4.28595703928484
11620NTC202003160006,2.8288768143851986,384.0,0.0,135.74292031639948,0.0
11000NTC198807059880,3.181642296441541,101.0,0.0,31.74461192980804,0.0
11410NTC202112160002,1.0961866100868924,9.0,0.0,8.210280911282604,0.0
11000NTC201206076507,0.495922865977294,1.0,1.0,2.0164426135692346,2.0164426135692346
11000NTC201803158392,0.40865370250466865,1.0,1.0,2.447059683714907,2.447059683714907
11000NTC200704020895,1.7657023501901037,8.0,8.0,4.5307749628008835,4.5307749628008835
11000NTC201908160006,6.128426304277949,60.0,1.0,9.790441627423503,0.16317402712372503
11140NTC202009230003,0.205243830301807,13.0,0.0,63.33929736588796,0.0
11000NTC199601245791,4.858641376400358,32.0,8.0,6.586203327422361,1.6465508318555901
,11.500234170746653,870.0,618.0,75.65063346388496,53.73803618469069
11000NTC198609138187,2.25269772339195,121.0,106.0,53.713376075067416,47.05469309055493
11000NTC202202210006,9.139041775276015,77.0,32.0,8.425390964762766,3.5014611801611495
11000NTC198711169299,1.5621814839781996,9.0,9.0,5.7611744168679415,5.7611744168679415
11000NTC197511131497,0.7127777093687948,21.0,19.0,29.462200801139943,26.65627691531709
11000NTC200705251057,8.030267700683494,137.0,50.0,17.060452416591204,6.226442487807009
11170NTC202301300007,1.4056520423656516,63.0,42.0,44.81905770504465,29.8793718033631
11000NTC199309184061,3.516165719790564,21.0,11.0,5.9724147476333505,3.1284077249508027
11410NTC202408260001,0.17928192228585207,11.0,7.0,61.355879386775506,39.04465051885714
11305NTC202406050002,1.7716265697919957,133.0,115.0,75.07225408998882,64.91209940111814
11440NTC202204110004,0.45739708545703545,25.0,0.0,54.65710384887951,0.0
11000NTC198507157091,3.089082778429301,9.0,7.0,2.913486185234638,2.2660448107380518
11000NTC200105230756,4.808843694982392,27.0,26.0,5.614655354294867,5.40670515598765
11000NTC201110136271,2.400529929336024,101.0,0.0,42.07404322092171,0.0
11000NTC199410114802,16.795806249944306,272.0,56.0,16.19451879548217,3.3341656343639765
11000NTC200811282407,5.031047711793214,18.0,2.0,3.577783601178425,0.3975315112420472
11440NTC202102090001,6.209847623579648,396.0,5.0,63.76968067563097,0.8051727358034213
11000NTC202312120005,7.099749988090388,330.0,277.0,46.48050995507797,39.015458356232116
11110NTC202202030004,0.5773541940412368,1.0,1.0,1.7320390330940876,1.7320390330940876
,0.6777670576285902,49.0,40.0,72.29622544867254,59.01732689687555
11410NTC201908160001,5.877771191760322,92.0,2.0,15.652191451237336,0.34026503154863774
11140NTC202009230003,0.205243830301807,13.0,0.0,63.33929736588796,0.0
11000NTC201101205876,2.366583115449646,548.0,0.0,231.5574705247067,0.0
11000NTC201403137120,4.1674517306109715,182.0,0.0,43.671771568021924,0.0
11000NTC200306214448,20.28356922426168,92.0,58.0,4.535690882744469,2.859457295643252
11000NTC200210213236,6.0468194881112,40.0,31.0,6.615047807966648,5.1266620511741525
11000NTC200905203327,3.0922571948286084,24.0,16.0,7.761320772456065,5.174213848304044
11000NTC199405274523,6.288465352024127,81.0,40.0,12.880726133591207,6.3608524116499785
11290NTC202504170005,2.6929842728118043,208.0,112.0,77.23773291212822,41.58954849114597
11170NTC202405300002,11.344762098708076,1025.0,614.0,90.3500656145734,54.121892963266404
11590NTC202505190004,14.17974105697015,668.0,483.0,47.10946393986793,34.06268126191049
11000NTC199904088655,6.796534909795597,41.0,34.0,6.032485751071211,5.002549159424906
11000NTC201304256819,6.032816972901041,456.0,2.0,75.58657954456726,0.3315200857217862
11000NTC201511267653,3.103270324452422,133.0,1.0,42.85801302967962,0.3222406994712753
11290NTC202008200003,8.894752827760735,51.0,2.0,5.733717505991598,0.2248516669016313
11440NTC202407090002,0.556208216825753,41.0,1.0,73.71340221110817,1.7978878588075164
11000NTC201906271010,8.697452577700776,735.0,39.0,84.5075030227186,4.484071588960578
11000NTC201807260001,2.227648567929422,80.0,40.0,35.9123073323721,17.95615366618605
11110NTC202202030004,1.8826608404398437,71.0,49.0,37.712581297124316,26.02699272618439
11110NTC202202030004,1.1891175356269381,69.0,47.0,58.026223592456866,39.525108823847425
11110NTC202202030004,0.11615986403248321,1.0,1.0,8.60882550379327,8.60882550379327
11000NTC197511131497,0.9789317307609299,56.0,1.0,57.20521486873333,1.0215216940845238
11000NTC201110276292,1.133372918090741,14.0,0.0,12.352509731381389,0.0
11230NTC202405200005,4.158358938818193,187.0,5.0,44.96966297314043,1.202397405698942
11740NTC202402260001,2.467414333554307,157.0,134.0,63.62936206739211,54.30786316579963
11000NTC201904023220,6.661113684731002,90.0,1.0,13.511254162543917,0.15012504625048798
11290NTC202103190001,1.5659675166013098,83.0,1.0,53.002376562790175,0.6385828501540985
11000NTC202012010001,0.2932926715498251,12.0,6.0,40.9147625018698,20.4573812509349
11000NTC202012010001,0.0900687628377093,4.0,1.0,44.41051341192965,11.102628352982412
11000NTC202012010001,0.2557111936044705,8.0,8.0,31.285294504448864,31.285294504448864
11000NTC202204270002,27.231860718600103,1798.0,890.0,66.02560209085959,32.68230581805619
11000NTC202306180001,7.739423675348228,422.0,3.0,54.52602386197865,0.3876257620519809
11230NTC202303210002,5.328311551619084,435.0,0.0,81.6393703307043,0.0
11000NTC200506028340,2.0620146294146693,21.0,10.0,10.184214845246338,4.84962611678397
11000NTC200903193011,3.458258080256145,203.0,41.0,58.70007248995259,11.855679665458405
11000NTC199601245791,4.858641376400358,32.0,8.0,6.586203327422361,1.6465508318555901
11000NTC200506028341,2.5205363725531567,12.0,4.0,4.76089142401254,1.58696380800418
11000NTC201208026577,20.497831245211845,826.0,508.0,40.29694605827863,24.783109682331165
11000NTC201005074900,6.989670492021372,26.0,25.0,3.719774777606283,3.5767065169291183
11000NTC199310024087,5.487936733280021,23.0,13.0,4.191010413899833,2.368831973073819
11000NTC200311255250,2.1973699080500175,15.0,13.0,6.82634268588453,5.916163661099926
11000NTC201205246499,1.2578071972844898,92.0,60.0,73.14316550153396,47.70206445752214
11000NTC199707237115,7.555214894685829,62.0,38.0,8.206252352081927,5.029638538372795
11000NTC199203102932,4.541425028665869,37.0,14.0,8.147222461331584,3.082732823206545
11260NTC202009020002,1.4990354357331894,94.0,78.0,62.7069899478553,52.03345974396504
11000NTC200209233145,22.774548441393257,1263.0,201.0,55.45664289459496,8.825641505790646
11000NTC201408287286,0.7388594901463911,23.0,18.0,31.129058104732447,24.361871560225396
11000NTC200803201853,0.7927694623642305,1.0,1.0,1.2614007570596348,1.2614007570596348
11710NTC202409260008,10.647315435754651,450.0,390.0,42.26417473167548,36.62895143411875
11410NTC202310300001,1.1481249887580796,99.0,77.0,86.22754575448074,67.06586892015169
11170NTC202305190002,1.8607667654005975,135.0,0.0,72.55073688449953,0.0
11560NTC202306160002,4.500215532062405,151.0,72.0,33.55394845517503,15.99923370048081
11000NTC202306180001,24.440285396356074,1663.0,7.0,68.04339528080736,0.28641236738764375
11000NTC201305316844,0.894291468840438,68.0,0.0,76.0378493693679,0.0
11410NTC202008270018,2.3022654873143393,45.0,0.0,19.545964723857207,0.0
,1.3567107873620246,4.0,3.0,2.9483070653381933,2.211230299003645
11000NTC201812181440,1.0042824771836742,14.0,0.0,13.940300979123352,0.0
11000NTC201405017184,0.2172720309297379,2.0,0.0,9.205050422006531,0.0
11170NTC202208180001,1.7625483457604318,50.0,41.0,28.368016185353518,23.261773271989885
11560NTC202007140005,0.27656233623198156,3.0,2.0,10.847464050504652,7.231642700336434
11000NTC200306214449,7.078128582041949,37.0,35.0,5.227370423006073,4.94480985960034
11000NTC201106306149,0.4414177705971844,5.0,0.0,11.327137992735567,0.0
11305NTC202509290002,6.022552044198794,250.0,3.0,41.51064169562665,0.49812770034751985
11000NTC201101255878,2.6384597117058273,19.0,19.0,7.2011711665349045,7.2011711665349045
11000NTC199507225412,4.779817281306537,23.0,14.0,4.811899419241623,2.9289822551905536
11230NTC202304040005,4.979125763563453,77.0,62.0,15.464562185489518,12.451985136368183
11110NTC202402050004,4.130382845320594,143.0,95.0,34.621487972236764,23.00028921232512
11000NTC202307110007,4.906027504771306,364.0,197.0,74.19444747221569,40.154687230842
11000NTC200603309876,0.9989887589057109,102.0,57.0,102.10325100327502,57.057699090065455
11000NTC202407080002,1.249738983409954,76.0,41.0,60.81269849855487,32.80685050579934
11440NTC202305300002,5.261634861856141,233.0,148.0,44.28281439465088,28.128139615486393
11000NTC201309126934,7.430619915549044,119.0,5.0,16.014814558201927,0.6728913679916776
11000NTC201107296193,6.14195097738429,28.0,23.0,4.558812029451353,3.744738452763612
11000NTC201106236135,3.3755313149822985,297.0,86.0,87.98614863436913,25.477470648335842
11000NTC202108040001,3.571539401492803,140.0,80.0,39.198783566963854,22.399304895407916
11000NTC201501227387,3.0462720370214535,10.0,4.0,3.2827009139268064,1.3130803655707226
11000NTC200311055120,1.4508426884413237,14.0,11.0,9.649564430062743,7.581800623620727
11530NTC202408200001,6.3421566197663575,338.0,314.0,53.29417424769491,49.50997252596509
11650NTC202504150005,0.5067653921772463,19.0,18.0,37.49269443670802,35.51939472951286
11000NTC201801053007,1.0798356507015057,159.0,0.0,147.24462921436893,0.0
11000NTC201504167459,6.393088405704739,87.0,0.0,13.608446259302056,0.0
11170NTC202304250009,6.276930133860769,20.0,5.0,3.1862709275845553,0.7965677318961388
11170NTC202304250009,0.27421217600728987,7.0,0.0,25.52767751572748,0.0
11170NTC202304250009,0.8552128728569355,8.0,4.0,9.354396143822173,4.677198071911087
11740NTC202305120002,2.6548539766532966,145.0,120.0,54.61693986755034,45.20022609728304
11000NTC201012095725,5.019940797321888,96.0,1.0,19.12373150918742,0.1992055365540356
11000NTC200312155382,5.212530304159556,32.0,19.0,6.139053038111695,3.6450627413788186
11000NTC201807050001,3.3553053610723627,357.0,253.0,106.39866169614501,75.40297313480305
11230NTC202104130004,1.2981319371865783,93.0,0.0,71.6414081927277,0.0
11000NTC202112200002,18.37044832573432,905.0,670.0,49.26390384997991,36.471619424847006
11170NTC202304250009,6.276930133860769,20.0,5.0,3.1862709275845553,0.7965677318961388
11000NTC202108040001,9.408565335695245,265.0,214.0,28.165824495538548,22.745231856774527
11000NTC200010189932,9.283762624767183,38.0,25.0,4.093167989735515,2.692873677457576
11000NTC197408211263,2.864328475771575,96.0,85.0,33.51570911368331,29.675367444407097
11000NTC199712087469,4.760051081488516,39.0,15.0,8.193189386489589,3.1512266871113805
11000NTC200705171004,2.0918866225109998,134.0,1.0,64.05700890192264,0.4780373798650943
11000NTC200806262012,1.5964110164702567,119.0,106.0,74.54220672011826,66.3989404397692
11000NTC202008040019,25.428231456449,201.0,45.0,7.904600064076545,1.7696865815096743
11140NTC202007090010,0.24252128149335567,0.0,0.0,0.0,0.0
11000NTC202203250004,6.1820442344611415,273.0,101.0,44.16014988669781,16.33763787017025
11290NTC202504180005,6.500517303502612,479.0,453.0,73.68644334534807,69.68676166063189
11000NTC202504150003,8.98263889789598,318.0,267.0,35.401623466628024,29.724004608772585
11000NTC201807260001,3.765844108171395,154.0,90.0,40.89388609205567,23.899024339513055
11000NTC202407080002,0.5724172362803402,40.0,21.0,69.87909773634084,36.68652631157894
11000NTC200207132872,1.8259860710245637,12.0,12.0,6.571791642017718,6.571791642017718
11000NTC202504140001,19.43939150602188,838.0,612.0,43.10834522471584,31.482466918288896
11000NTC201809200003,0.16090994154049282,8.0,0.0,49.71725129852719,0.0
,4.399809523985626,36.0,19.0,8.182172388087592,4.318368760379562
,4.399809523985626,36.0,19.0,8.182172388087592,4.318368760379562
11000NTC200112261857,5.716313141619434,38.0,26.0,6.647641418264673,4.548386233549513
11000NTC200407156614,3.311685074738185,13.0,1.0,3.925494032981911,0.301961079460147
11000NTC199907218873,8.173975311149889,68.0,21.0,8.31908556259561,2.569129364919233
11110NTC202202030004,3.348370200591666,211.0,137.0,63.01573223973733,40.91542804191476
11200NTC202010120004,7.355711687268619,504.0,3.0,68.51818307021618,0.40784632779890584
11000NTC200312105351,8.674618662890847,48.0,36.0,5.533384447818924,4.150038335864193
11000NTC201707278219,1.2015886369891937,26.0,0.0,21.63802086639891,0.0
11000NTC201112226346,5.848982674310749,15.0,1.0,2.564548543780328,0.17096990291868855
11000NTC201310316986,2.5310628577759466,5.0,1.0,1.9754546927347023,0.39509093854694044
11410NTC202503100001,8.876458987946966,589.0,407.0,66.35528883756265,45.851617244292015
11000NTC200403305980,2.5837779503937885,19.0,14.0,7.35357308746452,5.418422274973857
11530NTC202408200001,6.3421566197663575,338.0,314.0,53.29417424769491,49.50997252596509
11650NTC202504150005,0.5067653921772463,19.0,18.0,37.49269443670802,35.51939472951286
11440NTC202406030001,2.9971927314838993,260.0,213.0,86.74784149475597,71.06650091685778
11000NTC202209200002,0.18933152165292713,13.0,9.0,68.66262884545414,47.53566612377595
11000NTC199803047717,7.213491114773441,189.0,133.0,26.200905635403426,18.437674336024635
11140NTC202306290001,6.38796941349548,747.0,451.0,116.93856868222599,70.60146516155812
11590NTC202305240002,3.8236519251804837,192.0,127.0,50.21377566707703,33.21432036311866
11000NTC197703301949,2.9288834123168566,13.0,0.0,4.438551546753619,0.0
11000NTC201312057027,6.403949385740053,23.0,0.0,3.5915336950062535,0.0
11170NTC202504010003,10.989517365338042,107.0,2.0,9.736551337321504,0.18199161378171036
11000NTC199603115874,5.631228867151679,46.0,35.0,8.168732098304357,6.215339640014185
11000NTC199911139163,5.478518000148138,33.0,13.0,6.023526800333172,2.3729044971009463
11000NTC201504307468,4.233672876866154,110.0,0.0,25.982168013279313,0.0
11000NTC200003159431,1.986345685320847,9.0,6.0,4.530933395184063,3.0206222634560422
11000NTC202105130003,0.29624318886936407,4.0,1.0,13.502420140919767,3.375605035229942
11000NTC198604097747,2.5401816771103887,15.0,5.0,5.905089441107776,1.9683631470359255
11000NTC200409106861,2.603122679911746,23.0,14.0,8.835542088542585,5.378156053895487
11000NTC201805240001,0.16090994154049282,8.0,0.0,49.71725129852719,0.0
11000NTC201801110002,2.988416017166912,11.0,2.0,3.6808797492754226,0.6692508635046224
11000NTC199702176716,16.38015679000855,684.0,576.0,41.757842050524296,35.16449856886256
11560NTC202008240001,2.7847363880505878,1.0,1.0,0.35910041765211204,0.35910041765211204
11560NTC201912160003,7.678959373944887,22.0,0.0,2.864971531773844,0.0
11000NTC202403010001,8.45863106065814,468.0,442.0,55.328101751205395,52.254318320582875
11000NTC200105230756,4.808843694982392,27.0,26.0,5.614655354294867,5.40670515598765
11000NTC199904068649,8.857062421160979,48.0,40.0,5.419404054929104,4.5161700457742535
11140NTC202002030001,0.009813423922603532,1.0,1.0,101.90123323793973,101.90123323793973
11000NTC201207136551,1.2313516151888788,6.0,1.0,4.872694302739556,0.8121157171232594
11000NTC199009051891,18.67756615590079,108.0,41.0,5.782337971582,2.1951468225450186
11000NTC201206216518,2.2811607401009866,12.0,0.0,5.260479802694116,0.0
11000NTC200011109987,21.96992701776101,203.0,48.0,9.23990324755699,2.1848047087819484
11000NTC199009031885,3.363722483622335,19.0,11.0,5.648504028649601,3.2701865429024
11000NTC200604269983,5.257476495641157,37.0,21.0,7.037596845307017,3.994311723012091
11000NTC199012122055,0.793355300477952,47.0,30.0,59.242057085501465,37.814078990745614
11000NTC199107112474,1.2935231321371636,5.0,4.0,3.865412125826449,3.0923297006611588
11000NTC198411176431,3.541431422817824,18.0,9.0,5.082690542593614,2.541345271296807
11000NTC198807019868,7.485042610417388,26.0,18.0,3.473594120067429,2.404795929277451
11000NTC201504167457,1.5616491260205827,148.0,1.0,94.77160876536702,0.6403487078741015
11000NTC200401265653,2.827055044710142,22.0,13.0,7.781949644441982,4.598424789897535
11000NTC199503185125,5.69282452369067,28.0,21.0,4.918472347685774,3.6888542607643307
11140NTC202007090010,0.007742765813641984,0.0,0.0,0.0,0.0
11000NTC198903140455,1.6032192830694871,9.0,4.0,5.61370493421761,2.4949799707633824
11170NTC202009160003,5.293860623279157,4.0,0.0,0.7555922387549173,0.0
11000NTC201904023220,18.109763764583533,656.0,3.0,36.22355368781288,0.16565649552353454
11000NTC201808260001,2.8241568948474147,228.0,0.0,80.73205862463902,0.0
11000NTC198107104287,0.7642377060703985,4.0,4.0,5.233973629183295,5.233973629183295
11000NTC200306164396,2.570993158725357,18.0,12.0,7.001185490872333,4.6674569939148896
11000NTC201305306841,1.191127979118855,5.0,4.0,4.197701747967321,3.358161398373857
11200NTC202403150003,1.1463441358638788,77.0,45.0,67.1700561733787,39.25522763379274
11140NTC202106080005,0.19802646772960839,14.0,2.0,70.69762017426905,10.099660024895577
11000NTC200710181503,3.7759732615205954,14.0,5.0,3.7076533731497237,1.3241619189820442
11000NTC200301233763,6.374374173032022,39.0,26.0,6.118247680689466,4.078831787126311
11000NTC201501227388,3.145699667509372,2.0,2.0,0.635788603933545,0.635788603933545
11000NTC199511175597,2.4262806326963435,14.0,11.0,5.770148684095828,4.533688251789579
11000NTC197312011134,3.5624580384744964,284.0,185.0,79.72023724428583,51.93043623307352
11000NTC201008305330,1.5797720967385336,13.0,12.0,8.22903507843867,7.596032380097233
11000NTC197312011134,3.5359376823459265,48.0,1.0,13.574899874410196,0.28281041405021246
11000NTC200304014039,2.4481558737510416,10.0,9.0,4.084707230948531,3.6762365078536785
11000NTC202408270005,3.1199075615389193,142.0,98.0,45.51416899350613,31.41118705185634
11380NTC202009170006,3.642125115618675,11.0,1.0,3.0202147512253896,0.27456497738412633
11000NTC198711269331,0.6242260923274157,4.0,4.0,6.407934639652874,6.407934639652874
11000NTC198507257119,1.073867214182984,7.0,3.0,6.518496800673551,2.7936414860029504
11000NTC199201132833,2.2277202409699095,21.0,14.0,9.426677377971382,6.284451585314254
11000NTC202004010003,14.959685632646913,595.0,184.0,39.773563068833205,12.299723705319849
11000NTC199406094543,2.4673385302978277,159.0,102.0,64.44190695664588,41.340091255206794
11000NTC200703270868,3.9420450713387303,25.0,24.0,6.341885886025632,6.088210450584607
11000NTC197805122511,2.6401162972993615,68.0,55.0,25.756441134642,20.8324156236075
,1.5551734668982242,87.0,0.0,55.94231245053358,0.0
11140NTC202007090010,0.02056546402163872,4.0,2.0,194.5008386774668,97.2504193387334
11140NTC202007090010,0.035508928617948646,1.0,1.0,28.161931066952313,28.161931066952313
11170NTC201908050002,2.289008253659027,44.0,1.0,19.222298534601215,0.43687042124093667
11230NTC202306010006,3.5291343042909227,275.0,5.0,77.92279247226135,1.4167780449502063
11000NTC202111090002,0.21961130394789938,3.0,1.0,13.66049900924827,4.553499669749423
11140NTC202007090010,0.019950336110319124,1.0,0.0,50.124468804450835,0.0
11000NTC202301300004,13.207638243734124,865.0,677.0,65.49240553362122,51.25821797255672
11000NTC201312127033,2.679275047362844,52.0,0.0,19.408235093736472,0.0
11140NTC202002030001,0.009858917924915337,1.0,1.0,101.43100973310796,101.43100973310796
11140NTC202002030001,0.009780918708035881,1.0,0.0,102.23988460086193,0.0
11140NTC202002030001,0.017997085602022195,1.0,1.0,55.56455206767687,55.56455206767687
11140NTC202002030001,0.2860460057570599,4.0,1.0,13.983764567568256,3.495941141892064
11000NTC200810302310,2.639773652916995,162.0,2.0,61.36889798145656,0.7576407158204514
11000NTC199706057002,8.11744642729615,98.0,41.0,12.072762152203442,5.050849471840215
11000NTC202108040001,3.422584846968315,146.0,100.0,42.657817564208834,29.217683263156736
11000NTC200604269983,5.257476495641157,37.0,21.0,7.037596845307017,3.994311723012091
11000NTC199012122055,0.793355300477952,47.0,30.0,59.242057085501465,37.814078990745614
11140NTC202504070004,0.08231672725230954,5.0,3.0,60.74099599069904,36.44459759441942
11000NTC201508137567,1.7888765533907962,52.0,1.0,29.06852342685948,0.5590100659011438
11560NTC202412030001,1.7391527701511809,69.0,54.0,39.67449046698869,31.04960123503463
11260NTC202009020002,1.4990354357331894,94.0,78.0,62.7069899478553,52.03345974396504
11000NTC199604095937,11.04822347219604,66.0,33.0,5.973811098779419,2.9869055493897094
11000NTC200903193011,20.552902186595013,990.0,610.0,48.16837987219618,29.679506789939058
11000NTC200312055319,11.34557551321149,54.0,37.0,4.759564637079808,3.261183177258387
11000NTC201110136269,4.174327079919019,294.0,186.0,70.43051355853589,44.55808000642067
11000NTC200912104223,2.6186838999331354,12.0,10.0,4.582454568230402,3.8187121401920012
11140NTC202302130001,5.865659855115054,468.0,302.0,79.7864198674746,51.48610854696011
11000NTC200910163970,1.3888537594263572,117.0,23.0,84.24213075415865,16.56041886620213
11000NTC201406267245,5.339761968148368,11.0,8.0,2.060016919408562,1.4981941232062268
11380NTC202411120003,11.169293393049877,36.0,0.0,3.223122424414162,0.0
11000NTC199103072216,0.6910794975186213,2.0,1.0,2.894023056943763,1.4470115284718814
11000NTC201106306149,0.4414177705971844,5.0,0.0,11.327137992735567,0.0
11000NTC202111110001,0.7634848254198682,32.0,23.0,41.913079257864794,30.125025716590322
11140NTC202007090010,0.008062084616508614,0.0,0.0,0.0,0.0
11000NTC198807019868,7.485042610417388,26.0,18.0,3.473594120067429,2.404795929277451
11000NTC201504167457,1.5616491260205827,148.0,1.0,94.77160876536702,0.6403487078741015
11000NTC202504290005,15.017865097132182,1115.0,986.0,74.24490716812477,65.65513763925652
11000NTC200402055679,2.6605583498972627,15.0,13.0,5.637914312452206,4.886192404125245
11560NTC202008240001,2.7847363880505878,1.0,1.0,0.35910041765211204,0.35910041765211204
11000NTC202111090002,0.21961130394789938,3.0,1.0,13.66049900924827,4.553499669749423
11000NTC202012010001,0.21093432588800692,12.0,7.0,56.88974494540665,33.185684551487206
11000NTC202108040001,9.408565335695245,265.0,214.0,28.165824495538548,22.745231856774527
11000NTC202008040019,25.428231456449,201.0,45.0,7.904600064076545,1.7696865815096743
11000NTC198609138187,2.25269772339195,121.0,106.0,53.713376075067416,47.05469309055493
11560NTC202105040006,3.245640980999468,2.0,1.0,0.6162111002752118,0.3081055501376059
11000NTC200303243973,0.8863676641349136,3.0,3.0,3.3846000044777935,3.3846000044777935
11110NTC202010190001,0.08059429772514394,4.0,0.0,49.631302870104584,0.0
11000NTC200710181503,3.7759732615205954,14.0,5.0,3.7076533731497237,1.3241619189820442
11000NTC200706071084,2.825080517075431,192.0,119.0,67.96266472389307,42.12269324032956
11140NTC202103020002,0.39696105983298013,23.0,1.0,57.9401919414392,2.519138780062574
11560NTC202008240001,2.7847363880505878,1.0,1.0,0.35910041765211204,0.35910041765211204
11620NTC202410140009,7.793397480134659,414.0,357.0,53.12188952960303,45.80800618857073
11000NTC200710231509,9.283527872733705,34.0,1.0,3.662400809918404,0.10771767087995306
11000NTC202505260006,2.7826441978957193,168.0,124.0,60.374229708219374,44.56193145130477
11200NTC202309130002,7.5445598706471895,477.0,374.0,63.22436406871298,49.57214289664288
11110NTC202202030004,0.22303914236630798,18.0,14.0,80.70332323300333,62.769251403447036
11110NTC202202030004,0.2924447621722183,32.0,19.0,109.42237351871415,64.96953427673652
11000NTC200706281191,1.4076593671734203,58.0,0.0,41.20314996124665,0.0
11000NTC202502070004,13.424299923485433,690.0,574.0,51.39932837710699,42.75828186733248
11110NTC202010190001,4.295714421382473,14.0,7.0,3.259062085299058,1.629531042649529
11000NTC202108040001,3.571539401492803,140.0,80.0,39.198783566963854,22.399304895407916
11000NTC200708271378,1.5223645141871447,7.0,7.0,4.598110330847798,4.598110330847798
11000NTC200908143722,1.5754572261547148,35.0,6.0,22.21577293178945,3.808418216878191
11000NTC202202210006,9.139041775276015,77.0,32.0,8.425390964762766,3.5014611801611495
11000NTC198711169299,1.5621814839781996,9.0,9.0,5.7611744168679415,5.7611744168679415
11000NTC197511131497,0.7127777093687948,21.0,19.0,29.462200801139943,26.65627691531709
11000NTC200601059496,0.30045907794868915,1.0,1.0,3.328240260960845,3.328240260960845
11000NTC201112026325,1.0042824771836742,14.0,0.0,13.940300979123352,0.0
11000NTC201503117423,0.10006771148391547,1.0,1.0,9.993233433351142,9.993233433351142
11000NTC201503127429,2.0008895450985253,5.0,1.0,2.4988885629635273,0.4997777125927055
11000NTC200810022247,1.6481715367008056,5.0,0.0,3.033664815015948,0.0
11000NTC197703301949,6.654357689071482,62.0,1.0,9.317202786051496,0.15027746429115316
11000NTC199610236431,2.757402330007458,30.0,9.0,10.879805124382722,3.2639415373148166
11000NTC199911189176,2.111943811915515,18.0,12.0,8.52295401915743,5.681969346104953
11000NTC202304250001,17.635123319067496,76.0,5.0,4.309581431609671,0.2835250941848468
11110NTC202202030004,0.17616169274295856,11.0,7.0,62.44263340526788,39.73622125789774
11110NTC202202030004,0.5431100839169216,4.0,2.0,7.364989379596699,3.6824946897983497
11110NTC202202030004,0.7184107436688191,39.0,23.0,54.28649326822797,32.015111414595985
11110NTC202202030004,0.16734339949938645,15.0,9.0,89.63604208396039,53.78162525037623
11000NTC201105196093,2.828169934430425,7.0,7.0,2.475098796144212,2.475098796144212
11110NTC202202030004,0.16553055020097415,19.0,12.0,114.78243730194636,72.49417092754507
11350NTC202502240003,21.677457635009763,976.0,769.0,45.02373001637101,35.47463973625953
11440NTC202506040002,0.37407178167196065,9.0,1.0,24.059553382437386,2.6732837091597097
11290NTC202504170005,2.6929842728118043,208.0,112.0,77.23773291212822,41.58954849114597
11000NTC201010215485,7.2048311246699726,28.0,25.0,3.8862812348405433,3.4698939596790566
11590NTC202305240002,3.8236519251804837,192.0,127.0,50.21377566707703,33.21432036311866
11000NTC201306076847,0.5034978744974349,2.0,1.0,3.9722114060487246,1.9861057030243623
11200NTC202302270005,0.5147485592506091,49.0,0.0,95.19210713544511,0.0
11200NTC202302270005,0.5147485592506091,49.0,0.0,95.19210713544511,0.0
11000NTC202108040001,3.422584846968315,146.0,100.0,42.657817564208834,29.217683263156736
11530NTC202506110005,8.351355020280197,476.0,368.0,56.99673871414817,44.064705560517915
11000NTC202504150002,11.421313133631081,459.0,353.0,40.18802344613364,30.90712914266923
11000NTC200807242063,1.637526894175625,1.0,1.0,0.6106769931882108,0.6106769931882108
11545NTC202503060001,8.833201566081105,373.0,329.0,42.22704499717234,37.24583861680885
11380NTC202304050004,6.9681424296459635,294.0,0.0,42.19201931768457,0.0
11000NTC198701058475,5.4494882484566505,36.0,33.0,6.606124898093975,6.055614489919476
11110NTC202202030004,0.15397130365462303,15.0,8.0,97.42075077604645,51.95773374722477
11000NTC202204270002,27.231860718600103,1798.0,890.0,66.02560209085959,32.68230581805619
11000NTC202207140005,3.21776038306445,180.0,135.0,55.939528918115435,41.95464668858657
11110NTC202307170004,0.19936177834734337,19.0,0.0,95.3041257833121,0.0
11000NTC201412187354,0.30694669687106896,23.0,12.0,74.93157683225047,39.09473573856547
11000NTC202211290003,2.14607112315134,89.0,70.0,41.47113254536987,32.61774469860551
11000NTC199912209263,5.557661344654948,47.0,19.0,8.456794519371355,3.4187041674054415
11000NTC200001069319,6.136846834756893,51.0,23.0,8.31045671714574,3.7478530293010204
11000NTC200906253498,1.623679319639176,146.0,81.0,89.91923357898345,49.88669808149081
11000NTC199407304670,4.832716834164612,24.0,11.0,4.9661506816069565,2.276152395736522
11305NTC202404050001,3.3844318911528966,109.0,101.0,32.20629148570914,29.842526972996538
11590NTC202505120002,5.142100085972916,221.0,159.0,42.97854890122884,30.921218440250616
11000NTC199301053526,6.977675360876797,26.0,21.0,3.7261693408351553,3.0095983137514715
11000NTC198704178753,4.616319056844098,15.0,12.0,3.24934213066603,2.5994737045328242
11000NTC200309154849,2.0649040784757116,23.0,16.0,11.138531924920375,7.748543947770695
11170NTC202208180001,1.7625483457604318,50.0,41.0,28.368016185353518,23.261773271989885
11000NTC201303216783,2.4355444107828847,4.0,1.0,1.6423432815639911,0.4105858203909978
11000NTC200509088812,0.9987627171043819,4.0,4.0,4.004955262644185,4.004955262644185
11110NTC202010190001,0.4461079322620701,0.0,0.0,0.0,0.0
11000NTC199507195406,5.179615852415553,24.0,13.0,4.633548256055981,2.5098386386969898
11000NTC198701058475,1.6168972218279822,20.0,18.0,12.369370006950108,11.132433006255098
11000NTC201804110001,0.44886440747963463,8.0,0.0,17.822754191894724,0.0
11000NTC202008050002,14.850238337015243,740.0,582.0,49.83085006491101,39.19129018618677
11000NTC202505260006,2.7826441978957193,168.0,124.0,60.374229708219374,44.56193145130477
11230NTC202304040005,4.979125763563453,77.0,62.0,15.464562185489518,12.451985136368183
11000NTC201408287286,0.7388594901463911,23.0,18.0,31.129058104732447,24.361871560225396
11000NTC201207136551,1.2313516151888788,6.0,1.0,4.872694302739556,0.8121157171232594
11000NTC201206216518,2.2811607401009866,12.0,0.0,5.260479802694116,0.0
11560NTC202008240001,2.7847363880505878,1.0,1.0,0.35910041765211204,0.35910041765211204
11470NTC202307050003,10.56806766158627,178.0,1.0,16.843192691414142,0.09462467804165249
11000NTC198511277408,2.194082610749558,13.0,12.0,5.9250275884365395,5.469256235479882
11000NTC200704200954,7.776123948113892,30.0,28.0,3.8579631960826104,3.600765649677103
11440NTC202301040003,1.122722514907171,73.0,42.0,65.02051845467426,37.40906541227834
11290NTC202101050001,6.4004626983016415,108.0,7.0,16.87378008290834,1.0936709312996145
11590NTC202504030001,1.6203916274228216,84.0,0.0,51.83931993872319,0.0
11590NTC202504030001,7.323703302795154,404.0,1.0,55.163348827335746,0.13654294264192016
11110NTC202008280004,0.7001674922788647,1.0,0.0,1.4282296893636948,0.0
11000NTC200704190944,0.6569265709363495,1.0,1.0,1.5222401471364617,1.5222401471364617
11000NTC198709109131,1.6561174322295868,9.0,6.0,5.4343972382945935,3.6229314921963955
11140NTC202007090010,0.24252128149335567,0.0,0.0,0.0,0.0
11000NTC201205246499,1.2578071972844898,92.0,60.0,73.14316550153396,47.70206445752214
11000NTC201104076043,5.826145249026956,21.0,19.0,3.604441547952702,3.261161400528635
11000NTC202407080002,0.38129987427047435,29.0,0.0,76.05562434418455,0.0
11000NTC201112226345,7.256382003118812,21.0,1.0,2.894004200850251,0.13780972385001194
11000NTC200909243855,0.4607508383743625,1.0,1.0,2.1703704404060025,2.1703704404060025
11000NTC201804110001,0.44886440747963463,8.0,0.0,17.822754191894724,0.0
11000NTC202008040009,1.0832202091346015,108.0,82.0,99.70271888324774,75.70021248542884
11110NTC202306160001,0.6781793801955633,34.0,25.0,50.13422848420367,36.86340329720858
11380NTC202009240001,24.01095561640815,1134.0,66.0,47.228440971548366,2.748745241730328
11000NTC201503127428,0.42171030631608947,9.0,0.0,21.341664799755033,0.0
11000NTC200705171036,3.7838180002324115,171.0,84.0,45.19244847122582,22.19979924902321
11000NTC200106210914,11.916026286838688,59.0,56.0,4.951315025644564,4.699553244679587
11000NTC200611230535,1.0583865728973547,11.0,7.0,10.393177957546529,6.613840518438701
11000NTC200107131026,1.825376814816198,7.0,7.0,3.8348246472632272,3.8348246472632272
11000NTC200908063690,8.397121579294353,27.0,3.0,3.2153875283378865,0.35726528092643184
11000NTC202204270002,27.231860718600103,1798.0,890.0,66.02560209085959,32.68230581805619
11000NTC201411137331,1.470011789455414,33.0,0.0,22.448799551618087,0.0
11140NTC202405080001,9.461689118618683,63.0,18.0,6.65843056246995,1.9024087321342713
11000NTC202404230001,1.1980769403992053,93.0,69.0,77.62439695151126,57.59229451241157
11000NTC200608170303,1.135750648162414,14.0,6.0,12.326649359743953,5.282849725604551
11000NTC201701198000,28.461951771878375,15.0,10.0,0.527019373802068,0.35134624920137864
11000NTC200208012964,0.8129130402654967,34.0,2.0,41.82489185915338,2.4602877564207875
11440NTC202104190002,0.3205901115957278,1.0,1.0,3.1192477990744303,3.1192477990744303
11000NTC197703301949,2.3215631943510693,143.0,2.0,61.5964279361225,0.8614885026031119
11170NTC202501060006,16.027139333519802,843.0,649.0,52.59828235453822,40.49381405468007
11110NTC202101060007,1.270579163323403,42.0,8.0,33.0557915731455,6.296341252027714
11000NTC202012010001,0.21605612839179258,11.0,6.0,50.912696075219785,27.770561495574427
11000NTC198809240057,2.2236226384216216,19.0,9.0,8.544615292047322,4.047449348864521
11000NTC201508137567,1.7888765533907962,52.0,1.0,29.06852342685948,0.5590100659011438
11560NTC202412030001,1.7391527701511809,69.0,54.0,39.67449046698869,31.04960123503463
11000NTC200011109987,21.96992701776101,203.0,48.0,9.23990324755699,2.1848047087819484
11290NTC202406110004,1.1188975195425268,66.0,0.0,58.98663536852312,0.0
11710NTC202409090002,7.0609643037190795,310.0,265.0,43.90335181792662,37.530284618550176
11000NTC202510130004,1.2701387189876767,44.0,34.0,34.64188544308671,26.768729660567004
11590NTC202512150003,9.491964176530074,682.0,7.0,71.8502500974793,0.7374659100914298
11560NTC202008240001,2.7847363880505878,1.0,1.0,0.35910041765211204,0.35910041765211204
11560NTC202105040006,3.245640980999468,2.0,1.0,0.6162111002752118,0.3081055501376059
11000NTC200006279675,4.0135758635111785,9.0,7.0,2.2423894068683605,1.7440806497865027
11000NTC200312155383,0.6659741689848874,4.0,4.0,6.006238959833846,6.006238959833846
11000NTC201012025667,1.551928920880493,14.0,8.0,9.02103170553523,5.154875260305845
11000NTC198511277408,0.6184134900705035,4.0,0.0,6.468164204412766,0.0
11140NTC202302280008,1.8529180307610593,37.0,10.0,19.96850340152542,5.396892811223087
11000NTC201805170001,1.0804643226299073,2.0,1.0,1.8510560303665504,0.9255280151832752
11170NTC202506120001,38.635414159078174,2497.0,1817.0,64.62982355304399,47.029391027585476
11000NTC202203250004,6.1820442344611415,273.0,101.0,44.16014988669781,16.33763787017025
11560NTC201912160003,7.678959373944887,22.0,0.0,2.864971531773844,0.0
11000NTC202407080002,0.38129987427047435,29.0,0.0,76.05562434418455,0.0
11000NTC200909243855,0.4607508383743625,1.0,1.0,2.1703704404060025,2.1703704404060025
11350NTC202209080002,10.071986408982283,607.0,109.0,60.26616551613614,10.822095619866293
11230NTC202511120001,13.425955699730839,960.0,0.0,71.5032897076553,0.0
11560NTC202511270005,2.748913778386094,145.0,80.0,52.74810768533107,29.102404240182658
11000NTC202510010002,0.7610674879000837,49.0,35.0,64.38325218069615,45.98803727192582
11000NTC202507110006,9.59731066496273,702.0,0.0,73.14549090953346,0.0
11000NTC202204270002,27.231860718600103,1798.0,890.0,66.02560209085959,32.68230581805619
11110NTC202202030004,1.7734842415226024,58.0,34.0,32.70398385395566,19.171300879905047
11000NTC200905203327,3.0922571948286084,24.0,16.0,7.761320772456065,5.174213848304044
11290NTC202106090001,8.076075326778351,45.0,0.0,5.572013407402315,0.0
11000NTC201503197437,1.79719458171014,137.0,7.0,76.22992045170544,3.894959439138234
11000NTC201411067325,2.09152393550846,134.0,1.0,64.06811690033274,0.4781202753756174
11000NTC199009051891,18.67756615590079,108.0,41.0,5.782337971582,2.1951468225450186
11380NTC202304150001,3.634544655725869,61.0,2.0,16.783395384591156,0.5502752585111854
11000NTC201504307468,2.805074163118928,18.0,3.0,6.41694263797504,1.0694904396625067
11000NTC198711169299,1.4905825906997487,7.0,3.0,4.696150380177105,2.0126358772187594
11000NTC200008059773,1.364971407217481,11.0,7.0,8.058776866559937,5.128312551447233
11230NTC202202250001,3.769676326617274,415.0,1.0,110.0890272912107,0.2652747645571342
11000NTC202012010001,1.8954143095711122,35.0,7.0,18.46561979787927,3.6931239595758543
11000NTC202101080003,5.300078575234862,20.0,4.0,3.7735289611463436,0.7547057922292687
11000NTC200306304517,1.977491203686423,16.0,13.0,8.091060010872832,6.573986258834177
11140NTC202009230003,0.205243830301807,13.0,0.0,63.33929736588796,0.0
11000NTC200701050674,2.7773812723002775,19.0,16.0,6.8409764944745435,5.760822311136458
11000NTC202109140007,8.979084231832665,365.0,2.0,40.65002516693198,0.22273986392839443
11000NTC201203296453,5.24867594117964,150.0,6.0,28.57863615148004,1.1431454460592017
11000NTC199203102932,4.541425028665869,37.0,14.0,8.147222461331584,3.082732823206545
11740NTC202509040005,2.6629986531704057,91.0,83.0,34.17200376412541,31.167871565081416
11000NTC201805240001,0.16090994154049282,8.0,0.0,49.71725129852719,0.0
11000NTC201801110002,2.988416017166912,11.0,2.0,3.6808797492754226,0.6692508635046224
11000NTC201107016154,1.2831483408263213,7.0,5.0,5.455331840660093,3.896665600471495
11000NTC199702176716,16.38015679000855,684.0,576.0,41.757842050524296,35.16449856886256
11110NTC202509230001,2.071403462921712,123.0,88.0,59.38003011084506,42.48327357523874
11200NTC202512030001,1.8034256560311013,166.0,80.0,92.0470436055154,44.36002101470622
11320NTC202512100002,1.3445986896160909,129.0,0.0,95.93940630481502,0.0
11000NTC202204270002,27.231860718600103,1798.0,890.0,66.02560209085959,32.68230581805619
11000NTC199812298456,5.946182990443413,36.0,28.0,6.05430409017995,4.708903181251072
11000NTC198707219009,3.7534374054172908,38.0,20.0,10.12405320657674,5.328449056093021
11000NTC202504140001,19.43939150602188,838.0,612.0,43.10834522471584,31.482466918288896
11140NTC202007090010,0.09588033538094404,0.0,0.0,0.0,0.0
11000NTC199603115874,5.631228867151679,46.0,35.0,8.168732098304357,6.215339640014185
11000NTC198604097747,2.5401816771103887,15.0,5.0,5.905089441107776,1.9683631470359255
11000NTC202408070004,4.072284384121855,220.0,18.0,54.02373195197188,4.420123523343154
11350NTC202010220002,4.086788032691591,23.0,5.0,5.627891590171859,1.2234546935156214
11000NTC202505210005,7.733710191628774,372.0,292.0,48.101104228429094,37.75678073844434
11000NTC200112261857,5.716313141619434,38.0,26.0,6.647641418264673,4.548386233549513
11140NTC202009230003,0.205243830301807,13.0,0.0,63.33929736588796,0.0
11000NTC200701050674,2.7773812723002775,19.0,16.0,6.8409764944745435,5.760822311136458
11000NTC201203296453,5.24867594117964,150.0,6.0,28.57863615148004,1.1431454460592017
11000NTC201908290001,11.25707308078305,396.0,356.0,35.17788302147666,31.624561504155785
11000NTC199607046171,3.31603002344762,30.0,17.0,9.046962719839765,5.126612207909201
11000NTC202207140005,3.21776038306445,180.0,135.0,55.939528918115435,41.95464668858657
11000NTC198701058475,1.6168972218279822,20.0,18.0,12.369370006950108,11.132433006255098
11410NTC202503100001,8.876458987946966,589.0,407.0,66.35528883756265,45.851617244292015
11000NTC201304186813,0.19211122978088754,12.0,0.0,62.46381335274674,0.0
11000NTC197907093318,6.804195941763626,96.0,37.0,14.108941133038138,5.437821061691783
11140NTC202002030001,0.1676080537898257,2.0,2.0,11.9326008194566,11.9326008194566
11140NTC202302130001,5.865659855115054,468.0,302.0,79.7864198674746,51.48610854696011
11000NTC202312120003,5.044784293956015,208.0,175.0,41.23070242055696,34.6892929019109
11000NTC201109236240,8.397121579294353,27.0,3.0,3.2153875283378865,0.35726528092643184
11000NTC201502057397,0.5879518977059196,1.0,1.0,1.7008194104004366,1.7008194104004366
11410NTC202107290002,12.288488356692412,900.0,613.0,73.23927678296188,49.88408518661738
11260NTC202503060004,4.453024897010203,252.0,0.0,56.5907458027452,0.0
11000NTC200705171036,3.7838180002324115,171.0,84.0,45.19244847122582,22.19979924902321
11560NTC202008240001,2.7847363880505878,1.0,1.0,0.35910041765211204,0.35910041765211204
11000NTC201405097192,0.32881768762216546,2.0,0.0,6.08239786145002,0.0
11000NTC201408287286,0.9542628651484348,26.0,18.0,27.246161356132955,18.86272709270743
11000NTC202407080002,3.2156484659562823,212.0,43.0,65.92760441460587,13.372108442585153
11000NTC200509158854,4.15532157419952,31.0,12.0,7.460313106085378,2.887863137839501
11000NTC202209200003,1.9347117361061343,85.0,77.0,43.934193613294475,39.79921068498441
11440NTC202209270001,0.14271769651069074,0.0,0.0,0.0,0.0
11000NTC201606167801,6.004802462268672,452.0,2.0,75.27308397572666,0.33306674325542773
11000NTC198310175570,2.4959199095421227,33.0,22.0,13.221578093847514,8.814385395898343
11000NTC201312057027,10.29734964013412,555.0,24.0,53.897363826209876,2.330696814106373
11545NTC202408060001,6.832865068314867,296.0,282.0,43.32004174538749,41.27112085202457
11000NTC200704120921,1.0826045206606751,5.0,5.0,4.6184917064161874,4.6184917064161874
11000NTC201311076987,1.1104987968943836,60.0,45.0,54.029774879356694,40.52233115951752
11470NTC202403130035,13.047003044048425,360.0,334.0,27.592543573768772,25.599748760107694
11410NTC202502210002,7.914308999447446,404.0,380.0,51.04678121971307,48.01429916705685
11000NTC201009085357,1.8651504707137498,12.0,10.0,6.433797266452116,5.3614977220434294
11110NTC202010190001,0.08059429772514394,4.0,0.0,49.631302870104584,0.0
11000NTC200303243973,0.8863676641349136,3.0,3.0,3.3846000044777935,3.3846000044777935
11000NTC201305316844,0.894291468840438,68.0,0.0,76.0378493693679,0.0
11590NTC202003200003,4.075787297141333,63.0,17.0,15.45713635355476,4.1709733017528725
11380NTC202506250005,5.940687081230041,284.0,267.0,47.80591808939325,44.94429623192957
11000NTC200911124066,9.252733273484598,785.0,704.0,84.83979563634038,76.08562564074347
11000NTC201101135832,3.285736773285413,237.0,0.0,72.12994112216218,0.0
11000NTC202012010001,3.7420749699571827,126.0,47.0,33.671158651704324,12.559876639921455
11560NTC202302170002,3.7609024944326053,151.0,0.0,40.1499374747233,0.0
11000NTC202012010001,0.33933196106610775,21.0,9.0,61.886301349341025,26.52270057828901
11000NTC201501227390,3.2164273849400655,128.0,3.0,39.79570644104099,0.9327118697118982
11000NTC199804117856,2.3685626615105093,19.0,7.0,8.021742598898811,2.955378852225878
11290NTC202101050001,6.4004626983016415,108.0,7.0,16.87378008290834,1.0936709312996145
11230NTC202110250004,15.293005534011652,24.0,1.0,1.5693448842756244,0.06538937017815102
11140NTC202007090010,0.07991151675514709,1.0,0.0,12.513840815511616,0.0
11000NTC200706071084,2.825080517075431,192.0,119.0,67.96266472389307,42.12269324032956
11170NTC202411110006,8.255725509481987,502.0,387.0,60.80628521665789,46.87655852359881
11110NTC202411210002,9.495583036209936,223.0,80.0,23.484603225481155,8.424969766988754
11000NTC199602075817,4.969755084227559,42.0,14.0,8.451120686670214,2.8170402288900713
11410NTC202412270002,0.7522334682176567,109.0,59.0,144.90182184829504,78.43309622981108
11000NTC200402275807,11.609551383781161,55.0,42.0,4.737478493513229,3.6177108495919206
11410NTC202008270018,2.3022654873143393,45.0,0.0,19.545964723857207,0.0
11000NTC201904023220,6.661113684731002,90.0,1.0,13.511254162543917,0.15012504625048798
11000NTC201907251077,3.8212743162151246,25.0,1.0,6.542320161082251,0.26169280644329
11000NTC200309054819,4.480434085206709,50.0,18.0,11.159632984019941,4.0174678742471785
11000NTC202401090006,5.848227243995435,329.0,293.0,56.256363898614744,50.100652347398544
11110NTC202202030004,0.4008920655355573,24.0,14.0,59.86648792347154,34.922117955358395
11000NTC200812262559,1.986478269834716,56.0,39.0,28.190592794483198,19.632734267586514
11000NTC200708231376,3.162216276558183,252.0,3.0,79.69094393324724,0.9487017134910386
11000NTC201403067115,1.2797832373752447,44.0,34.0,34.38082224786851,26.566999009716575
11000NTC200312105351,8.674618662890847,48.0,36.0,5.533384447818924,4.150038335864193
11500NTC202404030006,3.506493439063348,151.0,136.0,43.0629637910673,38.7851859310275
11000NTC200403305980,2.5837779503937885,19.0,14.0,7.35357308746452,5.418422274973857
11000NTC200407156614,3.311685074738185,13.0,1.0,3.925494032981911,0.301961079460147
11000NTC201706088160,1.3245721077898145,2.0,0.0,1.50992157258785,0.0
11380NTC202411130006,1.322140582012051,96.0,76.0,72.60952526992699,57.4825408386922
11000NTC201310316986,2.5310628577759466,5.0,1.0,1.9754546927347023,0.39509093854694044
11000NTC201707208211,3.2919197014870005,333.0,2.0,101.1567809049473,0.6075482336633471
11110NTC202202030004,0.0705417383026363,8.0,3.0,113.4080360435493,42.528013516330994
11560NTC202406270005,2.9110614044822753,212.0,124.0,72.82567096440333,42.59614716785855
11530NTC202508050003,1.0503943454261757,31.0,0.0,29.5127255158846,0.0
11000NTC200710231509,9.283527872733705,34.0,1.0,3.662400809918404,0.10771767087995306
11440NTC202207140003,0.46615889103392155,6.0,0.0,12.871147832646166,0.0
11000NTC199507225412,4.779817281306537,23.0,14.0,4.811899419241623,2.9289822551905536
11320NTC202305230007,1.497545353006537,45.0,35.0,30.049173408775932,23.37157931793684
11110NTC202202030004,0.08006363245919018,7.0,6.0,87.43045731241361,74.9403919820688
11470NTC202508130001,2.23146789650332,95.0,79.0,42.57287328617352,35.402705153765346
11710NTC202409260008,10.647315435754651,450.0,390.0,42.26417473167548,36.62895143411875
11410NTC202310300001,1.1481249887580796,99.0,77.0,86.22754575448074,67.06586892015169
11000NTC200309054819,4.480434085206709,50.0,18.0,11.159632984019941,4.0174678742471785
11000NTC202401090006,5.848227243995435,329.0,293.0,56.256363898614744,50.100652347398544
11110NTC202202030004,0.4008920655355573,24.0,14.0,59.86648792347154,34.922117955358395
11000NTC202408140001,14.53560483756129,710.0,667.0,48.84557663299274,45.88732340029036
11350NTC202502240003,21.677457635009763,976.0,769.0,45.02373001637101,35.47463973625953
11440NTC202506040002,0.37407178167196065,9.0,1.0,24.059553382437386,2.6732837091597097
11000NTC201311076992,1.863886159078245,8.0,8.0,4.2921076274080345,4.2921076274080345
11000NTC199507195406,5.179615852415553,24.0,13.0,4.633548256055981,2.5098386386969898
11000NTC198507117079,1.5019106125865476,11.0,4.0,7.324004443284487,2.6632743430125405
11000NTC200912104223,2.6186838999331354,12.0,10.0,4.582454568230402,3.8187121401920012
11000NTC201311076992,1.863886159078245,8.0,8.0,4.2921076274080345,4.2921076274080345
11000NTC201412047347,10.66639293710818,785.0,2.0,73.59563862203125,0.18750481177587577
11350NTC202307180003,11.542517431312561,657.0,233.0,56.91999201298057,20.186237654527357
11000NTC202204270002,27.231860718600103,1798.0,890.0,66.02560209085959,32.68230581805619
11000NTC201411137331,1.470011789455414,33.0,0.0,22.448799551618087,0.0
11140NTC202405080001,9.461689118618683,63.0,18.0,6.65843056246995,1.9024087321342713
11000NTC202404230001,1.1980769403992053,93.0,69.0,77.62439695151126,57.59229451241157
11110NTC202202030004,0.08006363245919018,7.0,6.0,87.43045731241361,74.9403919820688
11000NTC202406180003,3.069914549163347,192.0,156.0,62.54245742844091,50.81574666060824
11000NTC201111176310,20.751300563389176,24.0,9.0,1.1565540158163579,0.4337077559311342
11000NTC200902192832,2.1542552518000857,24.0,11.0,11.140741089035624,5.106172999141328
11230NTC202303210002,5.328311551619084,435.0,0.0,81.6393703307043,0.0
11000NTC200306134392,13.397077241246455,70.0,48.0,5.225020259231352,3.5828710349014985
11000NTC201102255961,5.8625899865691755,37.0,25.0,6.311203765701622,4.264326868717312
11110NTC202202030004,0.12769666910519553,13.0,6.0,101.80375174305212,46.98634695833175
11000NTC201110136268,3.809450631088351,8.0,2.0,2.1000403403874586,0.5250100850968646
11170NTC202305190002,1.8607667654005975,135.0,0.0,72.55073688449953,0.0
11560NTC202306160002,4.500215532062405,151.0,72.0,33.55394845517503,15.99923370048081
11560NTC202306160002,2.7691971567792133,114.0,65.0,41.16716634672219,23.472507127517037
11000NTC199208293276,2.7055960433110022,13.0,7.0,4.804856228312306,2.5872302767835493
11000NTC200710041481,4.876454744029151,18.0,5.0,3.691206203039131,1.0253350563997585
11000NTC202105130003,0.29624318886936407,4.0,1.0,13.502420140919767,3.375605035229942
11560NTC202008240001,2.7847363880505878,1.0,1.0,0.35910041765211204,0.35910041765211204
11000NTC201208026577,20.497831245211845,826.0,508.0,40.29694605827863,24.783109682331165
11000NTC201005074900,6.989670492021372,26.0,25.0,3.719774777606283,3.5767065169291183
11000NTC200808112115,4.652048278102784,10.0,8.0,2.149590761357756,1.7196726090862045
11350NTC202509080005,18.81487104164901,1990.0,636.0,105.76740045652679,33.8030485881161
11350NTC202408190001,12.238338322587714,557.0,179.0,45.5127146609415,14.626168625329493
11000NTC200705100990,0.11214364850109876,2.0,1.0,17.834269053413262,8.917134526706631
11000NTC200807242064,1.0575324211032382,2.0,2.0,1.8911949743475112,1.8911949743475112
11000NTC202509120005,5.132867467575642,295.0,158.0,57.47274829586327,30.782014341513207
11110NTC202501090001,4.223284796519259,369.0,180.0,87.37274841235474,42.62085288407548
11200NTC201909060002,6.695719678832413,59.0,1.0,8.811599473992363,0.1493491436269892
11290NTC201905100002,5.173437610207235,28.0,1.0,5.412262041153404,0.1932950728983359
11000NTC200006179649,2.0958731236405703,16.0,12.0,7.634049895256878,5.725537421442658
11000NTC202407080002,0.27215102762774124,25.0,0.0,91.86075914508753,0.0
11410NTC202507080010,4.251450810764781,135.0,78.0,31.753866152744045,18.34667822158545
11000NTC201010215485,7.2048311246699726,28.0,25.0,3.8862812348405433,3.4698939596790566
11560NTC202008240001,2.7847363880505878,1.0,1.0,0.35910041765211204,0.35910041765211204
11110NTC202010190001,4.295714421382473,14.0,7.0,3.259062085299058,1.629531042649529
11200NTC202403150003,1.1463441358638788,77.0,45.0,67.1700561733787,39.25522763379274
11000NTC201812061160,0.3558242924720123,9.0,7.0,25.293382690300447,19.672630981344792
11000NTC198701098496,1.3440363007059564,46.0,34.0,34.2252660704465,25.296935791199587
11000NTC201901081580,3.9310835410828266,56.0,0.0,14.245436255616857,0.0
11000NTC200811242385,8.448503646862259,413.0,251.0,48.88439625085403,29.70940304833986
11260NTC202504010005,4.935235125593248,241.0,207.0,48.832526489004955,41.94329038682169
11380NTC202401260002,11.643143116505946,544.0,489.0,46.722778768286055,41.99896841487478
11110NTC202504070001,7.278180557027805,35.0,18.0,4.808894163281512,2.473145569687635
11560NTC202504100004,4.233735270605717,228.0,188.0,53.853154585024456,44.405232728002616
11000NTC201412187354,0.30694669687106896,23.0,12.0,74.93157683225047,39.09473573856547
,0.6501906720219085,4.0,0.0,6.15204150431924,0.0
11000NTC199607046171,3.31603002344762,30.0,17.0,9.046962719839765,5.126612207909201
11000NTC202106160001,2.319164739324516,117.0,52.0,50.44919751327266,22.421865561454513
11000NTC202105170002,4.411377940122969,86.0,1.0,19.495042403372658,0.22668653957410065
11000NTC197608261728,2.541765788741523,53.0,33.0,20.85164582620388,12.983100231409965
11000NTC201903210030,2.4457349484103084,8.0,0.0,3.2710004022307824,0.0
11380NTC202408050002,3.7249105615537244,212.0,167.0,56.91411820410828,44.83329122682114
11000NTC201102105915,1.772293772041472,81.0,67.0,45.70348396964552,37.8041163699537
11000NTC201306076847,0.5034978744974349,2.0,1.0,3.9722114060487246,1.9861057030243623
11000NTC200706281185,4.284844700716944,563.0,307.0,131.39332678866947,71.6478709131821
11000NTC197907093318,2.1162975184335546,8.0,6.0,3.7801868264351866,2.83514011982639
11000NTC201107146172,6.711140853845673,82.0,2.0,12.218488895671396,0.29801192428466816
11000NTC200102060238,3.7427606339492216,28.0,22.0,7.481108929601903,5.878014158972923
11000NTC202208290002,11.69121541214742,898.0,606.0,76.80980705110942,51.833789613554906
11440NTC202410140005,8.43891166310092,621.0,513.0,73.58768817492403,60.789829361893766
11000NTC201412047346,8.565050779656394,64.0,23.0,7.472226568931971,2.6853314232099272
11000NTC201104076042,11.466902269028928,39.0,5.0,3.4010929094020006,0.436037552487436
11000NTC202403010001,8.45863106065814,468.0,442.0,55.328101751205395,52.254318320582875
11000NTC202504150003,8.98263889789598,318.0,267.0,35.401623466628024,29.724004608772585
11380NTC202109130011,6.151741155341027,33.0,5.0,5.364334936516135,0.8127780206842629
11290NTC200202202120,10.753210181435652,203.0,6.0,18.878083528066746,0.5579729121596083
11410NTC201912260003,4.828722781346646,14.0,0.0,2.8993174041968186,0.0
11230NTC202202250001,3.769676326617274,415.0,1.0,110.0890272912107,0.2652747645571342
11560NTC202008240001,2.7847363880505878,1.0,1.0,0.35910041765211204,0.35910041765211204
11000NTC201208026573,0.27516883733628816,12.0,0.0,43.60958935671415,0.0
11000NTC202107280003,0.4610337099311676,27.0,8.0,58.56404731018715,17.352310314129525
11000NTC198512137443,0.7229893490977161,5.0,0.0,6.915731201628286,0.0
11000NTC202204270002,27.231860718600103,1798.0,890.0,66.02560209085959,32.68230581805619
11380NTC202304050001,7.875407767162933,14.0,1.0,1.777685729286804,0.12697755209191458
11140NTC202302230008,2.830962487706341,140.0,113.0,49.453145567262055,39.91575320786151
11000NTC200311105154,1.0102840457944577,12.0,5.0,11.877847670615793,4.949103196089914
11440NTC202306070004,3.9726953754359915,120.0,15.0,30.20619218427498,3.7757740230343724
11000NTC199205273094,3.8639083654763366,22.0,11.0,5.693716806684124,2.846858403342062
11000NTC199406094543,2.4673385302978277,159.0,102.0,64.44190695664588,41.340091255206794
11000NTC201701268003,3.6534973635249632,16.0,0.0,4.379365415652825,0.0
11560NTC202007140005,0.27656233623198156,3.0,2.0,10.847464050504652,7.231642700336434
11000NTC201801053007,1.0798356507015057,159.0,0.0,147.24462921436893,0.0
11000NTC200506248516,5.575043893601119,23.0,18.0,4.125528056630865,3.2286741312763296
11230NTC202407300001,1.8049039924438162,8.0,5.0,4.432368720714117,2.770230450446323
11000NTC201112226348,5.471011102005541,17.0,12.0,3.1072866940021764,2.193378842825066
11000NTC201009305435,0.18235017315845706,0.0,0.0,0.0,0.0
11170NTC202208180001,1.7625483457604318,50.0,41.0,28.368016185353518,23.261773271989885
11000NTC202301300004,13.207638243734124,865.0,677.0,65.49240553362122,51.25821797255672
11000NTC201312127033,2.679275047362844,52.0,0.0,19.408235093736472,0.0
11000NTC202507290003,1.598705631730105,45.0,32.0,28.147770988522385,20.01619270294925
11000NTC197312011134,6.216752288104521,137.0,21.0,22.03722999582007,3.3779695614030762
11620NTC202308110004,7.98699279561991,252.0,153.0,31.551299274765533,19.1561459882505
11110NTC202008280001,0.8828301361823363,10.0,0.0,11.32720734165631,0.0
11140NTC202007090010,0.017463480070094906,1.0,0.0,57.26235526860629,0.0
11000NTC199612316599,5.559079448493522,46.0,20.0,8.274751319207308,3.597717964872742
,5.865659855115054,468.0,302.0,79.7864198674746,51.48610854696011
11140NTC202408060002,7.383430907011122,122.0,62.0,16.52348366721382,8.397180224321778
11000NTC200705251057,8.030267700683494,137.0,50.0,17.060452416591204,6.226442487807009
11000NTC199912319301,3.543019819876332,7.0,4.0,1.9757157328700274,1.128980418782873
11440NTC202104190002,0.3205901115957278,1.0,1.0,3.1192477990744303,3.1192477990744303
11000NTC197703301949,2.3215631943510693,143.0,2.0,61.5964279361225,0.8614885026031119
11000NTC202106160001,2.319164739324516,117.0,52.0,50.44919751327266,22.421865561454513
11230NTC201909240002,4.372015076737516,326.0,1.0,74.56515914928355,0.22872748205301702
11170NTC202403070008,0.15050427551951615,4.0,0.0,26.577318060850125,0.0
11560NTC202008240001,2.7847363880505878,1.0,1.0,0.35910041765211204,0.35910041765211204
11000NTC202204270002,27.231860718600103,1798.0,890.0,66.02560209085959,32.68230581805619
11000NTC201901291990,1.2745405746740721,44.0,27.0,34.52224344544838,21.184103932434233
11170NTC202304250009,6.276930133860769,20.0,5.0,3.1862709275845553,0.7965677318961388
11000NTC198408136236,3.2429804981935555,22.0,17.0,6.783882916426635,5.242091344511491
11000NTC200404065998,4.216382976487991,33.0,24.0,7.826613517799357,5.692082558399532
11000NTC200006059610,3.8799435674595517,22.0,16.0,5.670185562622709,4.123771318271062
11000NTC201309056929,4.39241722064444,26.0,8.0,5.919291973858844,1.8213206073411825
11140NTC202007090010,0.11384843216760289,4.0,3.0,35.13443201493867,26.350824011204
11140NTC202007090010,0.06618982803589683,9.0,2.0,135.97255450065555,30.216123222367898
11110NTC202202030004,0.2269627249105345,31.0,14.0,136.58630513984073,61.684137805089364
11350NTC202209080002,10.071986408982283,607.0,109.0,60.26616551613614,10.822095619866293
11000NTC200401265653,2.827055044710142,22.0,13.0,7.781949644441982,4.598424789897535
11000NTC199503185125,5.69282452369067,28.0,21.0,4.918472347685774,3.6888542607643307
11140NTC202007090010,0.007742765813641984,0.0,0.0,0.0,0.0
11000NTC198903140455,1.6032192830694871,9.0,4.0,5.61370493421761,2.4949799707633824
11000NTC198709109131,1.6561174322295868,9.0,6.0,5.4343972382945935,3.6229314921963955
11590NTC202004280001,7.430619427972009,119.0,5.0,16.014815609050498,0.6728914121449788
,1.5551734668982242,87.0,0.0,55.94231245053358,0.0
11140NTC202007090010,0.02056546402163872,4.0,2.0,194.5008386774668,97.2504193387334
11140NTC202007090010,0.019950336110319124,1.0,0.0,50.124468804450835,0.0
11140NTC202007090010,0.035508928617948646,1.0,1.0,28.161931066952313,28.161931066952313
11000NTC201403067115,1.2797832373752447,44.0,34.0,34.38082224786851,26.566999009716575
11000NTC201210256667,19.75621064142558,852.0,542.0,43.12567908207527,27.43441087146103
11000NTC201812121400,3.2671842306802783,237.0,0.0,72.53952739318068,0.0
11000NTC200802051787,10.667530011143777,785.0,2.0,73.58779391105102,0.1874848252510854
11440NTC202112010002,0.3252330299852365,28.0,13.0,86.09211678552765,39.97133993613784
11000NTC201412197364,0.4170467465116476,21.0,0.0,50.354067441246656,0.0
11000NTC200601059496,0.06428408326532065,1.0,0.0,15.555950232232219,0.0
11140NTC202106080005,0.19802646772960839,14.0,2.0,70.69762017426905,10.099660024895577
11000NTC201410107309,2.773055676939743,0.0,0.0,0.0,0.0
11140NTC202302130001,5.865659855115054,468.0,302.0,79.7864198674746,51.48610854696011
11000NTC200703020788,0.5986592095810365,4.0,4.0,6.6815977036406835,6.6815977036406835
11000NTC201511197649,1.3771452782967455,59.0,0.0,42.84224833052563,0.0
11590NTC202511110008,5.169368951913833,330.0,240.0,63.837579222861535,46.4273303438993
,8.063669139826546,49.0,15.0,6.076638209024288,1.8601953701094758
11215NTC202505200003,13.888567137039953,783.0,603.0,56.377306044176954,43.41700580413628
11380NTC202508140001,5.792877192112875,286.0,249.0,49.370975857971764,42.983821638583805
11560NTC202504160008,3.097273727574248,152.0,112.0,49.07541708270156,36.16083363988536
11230NTC202507280002,2.883159114059093,190.0,144.0,65.89993562044727,49.94521436497056
11000NTC201509247601,0.9723529551368718,23.0,0.0,23.65396215283003,0.0
11000NTC202012010001,0.2562515023775287,4.0,1.0,15.609664579085681,3.9024161447714203
11290NTC202406110004,1.1188975195425268,66.0,0.0,58.98663536852312,0.0
11440NTC202408260002,0.2905950678929665,12.0,0.0,41.29457559967915,0.0
11000NTC201512177682,0.6741715831699837,4.0,0.0,5.9332076578959745,0.0
11560NTC202008240001,2.7847363880505878,1.0,1.0,0.35910041765211204,0.35910041765211204
11000NTC201208026573,0.27516883733628816,12.0,0.0,43.60958935671415,0.0
11140NTC202103020003,8.07519051565302,49.0,15.0,6.067968291895773,1.8575413138456447
11000NTC201112156337,0.04990649031317708,1.0,1.0,20.037473958291244,20.037473958291244
11620NTC202003160006,2.8288768143851986,384.0,0.0,135.74292031639948,0.0
11000NTC198807059880,3.181642296441541,101.0,0.0,31.74461192980804,0.0
11410NTC202112160002,1.0961866100868924,9.0,0.0,8.210280911282604,0.0
11000NTC201206076507,0.495922865977294,1.0,1.0,2.0164426135692346,2.0164426135692346
11000NTC201803158392,0.40865370250466865,1.0,1.0,2.447059683714907,2.447059683714907
11000NTC201805249814,2.8241568948474147,228.0,0.0,80.73205862463902,0.0
11000NTC202012010001,0.15374204260194085,9.0,2.0,58.53961510907091,13.008803357571313
11000NTC202012010001,0.12255741241734368,7.0,2.0,57.1160883860942,16.318882396026915
11000NTC201408287286,0.8658035063480897,48.0,26.0,55.43983091782718,30.029908413823055
11560NTC202007140005,0.27656233623198156,3.0,2.0,10.847464050504652,7.231642700336434
11000NTC200402055681,3.324395798711585,212.0,43.0,63.770986620234424,12.934681248443773
11000NTC200706081103,1.9715731580384275,18.0,9.0,9.129765196189167,4.5648825980945835
11000NTC200501057514,1.435433993683111,16.0,13.0,11.146454710151017,9.056494451997702
11110NTC202010190001,0.3999075433173966,1.0,1.0,2.5005779878633723,2.5005779878633723
11110NTC202010190001,0.3347859414004525,1.0,1.0,2.986983252094971,2.986983252094971
11000NTC199005191613,1.88631973884417,8.0,5.0,4.241062549078741,2.650664093174213
11560NTC202504160008,3.097273727574248,152.0,112.0,49.07541708270156,36.16083363988536
11000NTC201103256029,1.3936375902285651,15.0,7.0,10.763199920246057,5.0228266294481605
11440NTC202204110004,0.45739708545703545,25.0,0.0,54.65710384887951,0.0
11000NTC198507157091,3.089082778429301,9.0,7.0,2.913486185234638,2.2660448107380518
11110NTC202010190001,0.4785471048960015,1.0,1.0,2.089658446930363,2.089658446930363
11590NTC202411250004,2.000545772995863,97.0,75.0,48.486768615516496,37.489769548079764
11590NTC202508040004,4.52287067368197,189.0,118.0,41.7876197742659,26.089625044250663
11560NTC202407230001,5.99983361270363,403.0,338.0,67.16852933166611,56.334895568494154
11110NTC202010190001,0.3999075433173966,1.0,1.0,2.5005779878633723,2.5005779878633723
11110NTC202010190001,0.3347859414004525,1.0,1.0,2.986983252094971,2.986983252094971
11000NTC199005191613,1.88631973884417,8.0,5.0,4.241062549078741,2.650664093174213
11000NTC200209233145,22.774548441393257,1263.0,201.0,55.45664289459496,8.825641505790646
11000NTC202107080002,11.508020492018122,870.0,618.0,75.59944828073824,53.701677054593375
11000NTC200402055681,3.324395798711585,212.0,43.0,63.770986620234424,12.934681248443773
11140NTC202103020003,8.07519051565302,49.0,15.0,6.067968291895773,1.8575413138456447
11000NTC199403154380,0.631482599730143,5.0,2.0,7.917874541811119,3.1671498167244474
11000NTC201412047347,10.66639293710818,785.0,2.0,73.59563862203125,0.18750481177587577
11350NTC202307180003,11.542517431312561,657.0,233.0,56.91999201298057,20.186237654527357
11000NTC199310304127,1.7236090220553335,12.0,4.0,6.962135754946612,2.320711918315537
11000NTC198511277408,1.3368727604269968,6.0,4.0,4.488086059950539,2.992057373300359
11230NTC202403060117,3.971711143998657,359.0,318.0,90.38925213442496,80.06624562325108
11000NTC201805170001,1.0804643226299073,2.0,1.0,1.8510560303665504,0.9255280151832752
11000NTC202312120003,5.044784293956015,208.0,175.0,41.23070242055696,34.6892929019109
11000NTC201109236240,8.397121579294353,27.0,3.0,3.2153875283378865,0.35726528092643184
11000NTC201502057397,0.5879518977059196,1.0,1.0,1.7008194104004366,1.7008194104004366
11410NTC202107290002,12.288488356692412,900.0,613.0,73.23927678296188,49.88408518661738
11140NTC202302130001,5.865659855115054,468.0,302.0,79.7864198674746,51.48610854696011
11110NTC202212210002,15.25927292116699,904.0,10.0,59.24266540550638,0.65533921908746
11305NTC202305080002,2.435401826757137,147.0,88.0,60.3596492311653,36.1336675669561
11000NTC202304250002,7.1921298037356,349.0,309.0,48.525264354757475,42.963629471690716
11000NTC201106076117,5.468308857709676,10.0,1.0,1.8287189440481528,0.1828718944048153
11000NTC202407080004,7.812249045853739,40.0,0.0,5.12016447059244,0.0
11000NTC201706018142,8.820747919469394,234.0,3.0,26.528362689461837,0.34010721396745947
11110NTC202501090003,6.466496366513287,293.0,163.0,45.310471605195474,25.20684939128622
11000NTC201009105383,6.854303420354993,348.0,282.0,50.771023495481124,41.14203628082091
11000NTC201208026575,11.357338398458301,160.0,66.0,14.087807757997169,5.811220700173832
11560NTC202501090007,0.5391876145679466,29.0,17.0,53.7846182228014,31.528914130607717
11000NTC200006059610,3.8799435674595517,22.0,16.0,5.670185562622709,4.123771318271062
11000NTC201309056929,4.39241722064444,26.0,8.0,5.919291973858844,1.8213206073411825
11230NTC201909240002,4.372015076737516,326.0,1.0,74.56515914928355,0.22872748205301702
11110NTC202202030004,10.786359940033961,613.0,378.0,56.8310350672453,35.0442597967679
11590NTC202003200001,2.667439371513072,186.0,135.0,69.72979479360905,50.610334930845276
11590NTC202505150003,5.547796590199826,298.0,4.0,53.71501913505923,0.7210069682558286
11000NTC202210250001,0.8745664593454013,14.0,0.0,16.007931530416535,0.0
11000NTC197608261728,2.1380402995910943,40.0,19.0,18.708721256400125,8.88664259679006
11000NTC200910163970,1.3888537594263572,117.0,23.0,84.24213075415865,16.56041886620213
11200NTC201909060002,6.695719678832413,59.0,1.0,8.811599473992363,0.1493491436269892
11230NTC201909240002,4.372015076737516,326.0,1.0,74.56515914928355,0.22872748205301702
11230NTC201909240002,4.372015076737516,326.0,1.0,74.56515914928355,0.22872748205301702
11170NTC202403070008,0.15050427551951615,4.0,0.0,26.577318060850125,0.0
11000NTC202307120005,6.600522486360346,36.0,1.0,5.4541136818171925,0.15150315782825535
11000NTC201101135832,3.285736773285413,237.0,0.0,72.12994112216218,0.0
11000NTC200207242919,3.887284649250952,27.0,21.0,6.945722383670226,5.402228520632398
11000NTC200909213844,6.022573540874191,23.0,21.0,3.8189654047232264,3.486881456486424
11110NTC201906270002,0.6510672506203451,34.0,0.0,52.221947836578124,0.0
11470NTC202309070003,4.4081017897796855,245.0,230.0,55.57947880605656,52.17665357303269
11000NTC198805259803,0.6585530224960343,5.0,2.0,7.592403085554298,3.036961234221719
11000NTC199705036927,0.5462418837438947,6.0,3.0,10.984144897268804,5.492072448634402
11000NTC201801293139,0.6875456007019974,29.0,0.0,42.17902051935237,0.0
11000NTC201304256819,6.032816972901041,456.0,2.0,75.58657954456726,0.3315200857217862
11170NTC202208180001,1.7625483457604318,50.0,41.0,28.368016185353518,23.261773271989885
11560NTC202007140005,0.27656233623198156,3.0,2.0,10.847464050504652,7.231642700336434
11110NTC201906270002,0.472721311926458,25.0,0.0,52.885282235570735,0.0
11000NTC197312011134,1.1154507901461954,11.0,9.0,9.861483892586866,8.068486821207436
11000NTC202403010001,12.1816997711846,586.0,525.0,48.104945205279414,43.09743384432029
11140NTC202007090010,0.09588033538094404,0.0,0.0,0.0,0.0
11000NTC201504307468,2.805074163118928,18.0,3.0,6.41694263797504,1.0694904396625067
11000NTC198711169299,1.4905825906997487,7.0,3.0,4.696150380177105,2.0126358772187594
11000NTC200008059773,1.364971407217481,11.0,7.0,8.058776866559937,5.128312551447233
11440NTC202102090001,6.209847623579648,396.0,5.0,63.76968067563097,0.8051727358034213
11140NTC202007090010,0.008062084616508614,0.0,0.0,0.0,0.0
11000NTC200702260766,17.390191201278896,71.0,65.0,4.082761320920875,3.737739237462773
11000NTC201003314693,5.511370135144384,29.0,19.0,5.261849465539529,3.4474186153534845
11110NTC202001150003,7.904598305046797,343.0,59.0,43.392464330667764,7.464009899444309
11410NTC202107290002,12.288488356692412,900.0,613.0,73.23927678296188,49.88408518661738
11410NTC202107290002,12.288488356692412,900.0,613.0,73.23927678296188,49.88408518661738
11000NTC201109226236,1.047809581336054,15.0,1.0,14.315578199689313,0.9543718799792875
11000NTC201712280004,1.3771452782967455,59.0,0.0,42.84224833052563,0.0
11140NTC202007090010,0.19875539009883397,1.0,1.0,5.031310091780332,5.031310091780332
11140NTC202007090010,0.06210132062421654,1.0,1.0,16.102717139481378,16.102717139481378
11140NTC202007090010,0.057907781228477256,3.0,0.0,51.80650918334085,0.0
11440NTC202407090002,0.556208216825753,41.0,1.0,73.71340221110817,1.7978878588075164
11000NTC200908133698,6.6783312481992745,81.0,1.0,12.128778431264637,0.14973800532425477
11560NTC202105040006,3.245640980999468,2.0,1.0,0.6162111002752118,0.3081055501376059
11000NTC201208036584,0.4414177705971844,5.0,0.0,11.327137992735567,0.0
11000NTC200902052762,5.213291810451369,270.0,1.0,51.790693829705894,0.19181738455446629
11590NTC202010130003,5.890940129326442,323.0,271.0,54.82995802181598,46.002844036879665
11000NTC198507257119,1.073867214182984,7.0,3.0,6.518496800673551,2.7936414860029504
11140NTC202002030001,0.009780918708035881,1.0,0.0,102.23988460086193,0.0
11140NTC202002030001,0.017997085602022195,1.0,1.0,55.56455206767687,55.56455206767687
11140NTC202002030001,0.2860460057570599,4.0,1.0,13.983764567568256,3.495941141892064
11000NTC200402165734,15.585226417922316,1136.0,378.0,72.88954100106307,24.25373811479035
11000NTC199710067280,4.020464339880226,27.0,12.0,6.715642203856572,2.984729868380699
11110NTC202202030004,0.203859492007491,22.0,15.0,107.9174669933524,73.58009113183118
11110NTC202202030004,0.09924177488848691,9.0,3.0,90.68761627966505,30.229205426555016
11110NTC202202030004,0.13265073923196186,6.0,3.0,45.23156097538215,22.615780487691076
11000NTC199504255199,6.647324198934581,55.0,20.0,8.274005953976983,3.0087294378098117
11140NTC202002030001,0.009858917924915337,1.0,1.0,101.43100973310796,101.43100973310796
11000NTC201110136269,4.174327079919019,294.0,186.0,70.43051355853589,44.55808000642067
11290NTC202503060003,7.83839578318211,554.0,499.0,70.67772734679336,63.660985462183916
11590NTC202505150003,5.547796590199826,298.0,4.0,53.71501913505923,0.7210069682558286
11000NTC202505210011,7.438708878216976,397.0,341.0,53.36947667928619,45.841288533089646
11230NTC202505270001,6.41183808293703,496.0,0.0,77.35691288274086,0.0
11000NTC201801030001,1.133372918090741,14.0,0.0,12.352509731381389,0.0
11000NTC201303286792,3.3190025999283717,219.0,113.0,65.98367835105833,34.04637284780635
11000NTC200205252605,1.5266901247277678,6.0,6.0,3.930070616700879,3.930070616700879
11230NTC202202250001,3.769676326617274,415.0,1.0,110.0890272912107,0.2652747645571342
11000NTC201610067897,4.264089382079352,128.0,48.0,30.018132485201736,11.25679968195065
11000NTC201312057027,6.403949385740053,23.0,0.0,3.5915336950062535,0.0
11000NTC201309126934,7.430619915549044,119.0,5.0,16.014814558201927,0.6728913679916776
11110NTC201906270002,0.6987652791244363,39.0,0.0,55.81273306662804,0.0
11000NTC200409066832,3.8211591975274475,25.0,17.0,6.5425172592067655,4.448911736260601
11000NTC201406267245,5.339761968148368,11.0,8.0,2.060016919408562,1.4981941232062268
11000NTC202107280003,0.4610337099311676,27.0,8.0,58.56404731018715,17.352310314129525
11140NTC201907110001,3.047824920310838,58.0,34.0,19.029964488276697,11.155496424162202
11000NTC200810302310,2.639773652916995,162.0,2.0,61.36889798145656,0.7576407158204514
11000NTC199706057002,8.11744642729615,98.0,41.0,12.072762152203442,5.050849471840215
11000NTC198102204068,5.515065724560644,81.0,40.0,14.687041650161447,7.2528600741538005
11440NTC202408260002,0.2905950678929665,12.0,0.0,41.29457559967915,0.0
11000NTC202408270005,3.1199075615389193,142.0,98.0,45.51416899350613,31.41118705185634
11000NTC201707278219,1.2015886369891937,26.0,0.0,21.63802086639891,0.0
11000NTC199604095937,11.04822347219604,66.0,33.0,5.973811098779419,2.9869055493897094
11000NTC201106236135,3.3755313149822985,297.0,86.0,87.98614863436913,25.477470648335842
11000NTC200902192832,2.1542552518000857,24.0,11.0,11.140741089035624,5.106172999141328
11590NTC202003200003,5.614752591784555,444.0,0.0,79.077393481176,0.0
11590NTC202003200003,4.075787297141333,63.0,17.0,15.45713635355476,4.1709733017528725
11140NTC202002030001,1.0623501122922,3.0,2.0,2.8239277854708296,1.88261852364722
11000NTC201404037150,24.255227763351893,87.0,69.0,3.5868556192843286,2.844747560122054
11140NTC202002030001,0.3013309044225703,2.0,0.0,6.637221641213764,0.0
11000NTC201504167459,6.393088405704739,87.0,0.0,13.608446259302056,0.0
11170NTC202304250009,6.276930133860769,20.0,5.0,3.1862709275845553,0.7965677318961388
11170NTC202304250009,0.27421217600728987,7.0,0.0,25.52767751572748,0.0
11170NTC202304250009,0.8552128728569355,8.0,4.0,9.354396143822173,4.677198071911087
11170NTC202304250009,0.870049695849164,0.0,0.0,0.0,0.0
11170NTC202304250009,1.1975108902885867,1.0,0.0,0.8350654746521856,0.0
11000NTC201305236837,3.4697871767647355,23.0,0.0,6.628648625488735,0.0
11000NTC197312011134,3.683162499766735,196.0,163.0,53.215137809535484,44.25544623956267
11000NTC202407260002,22.417410089229477,1903.0,959.0,84.88937805149503,42.77925042111599
11000NTC198005193737,1.5304689234012931,19.0,19.0,12.414495785889374,12.414495785889374
11000NTC199603285904,1.5413612578597877,53.0,35.0,34.38519018804949,22.707201067579856
11140NTC202510150004,1.4990863169077826,25.0,1.0,16.676824888621734,0.6670729955448694
11560NTC202008240001,2.7847363880505878,1.0,1.0,0.35910041765211204,0.35910041765211204
11305NTC202510270008,3.5874784223545473,452.0,238.0,125.99378917053993,66.3418624393551
11000NTC201610287923,12.463074039544724,199.0,0.0,15.967168241846494,0.0
11170NTC202304250009,0.870049695849164,0.0,0.0,0.0,0.0
11000NTC202012010001,2.236784697095753,95.0,45.0,42.47167826360233,20.118163388022154
11000NTC201305306842,0.022390439169993802,0.0,0.0,0.0,0.0
11000NTC202204270002,27.231860718600103,1798.0,890.0,66.02560209085959,32.68230581805619
11230NTC202202250001,3.769676326617274,415.0,1.0,110.0890272912107,0.2652747645571342
11000NTC200701150696,3.6461841441168437,26.0,18.0,7.130742434375201,4.936667839182832
11230NTC202302060002,1.1267120054032576,98.0,55.0,86.9787483669575,48.814603675333295
11000NTC200207132872,1.8259860710245637,12.0,12.0,6.571791642017718,6.571791642017718
11000NTC200301093702,26.35736692301605,137.0,87.0,5.19778779117604,3.3007849476811346
11170NTC202504010003,0.6138889830580759,38.0,0.0,61.90044299329782,0.0
11410NTC202311080005,4.752944595134774,158.0,1.0,33.242550346943354,0.21039588827179337
11000NTC201110066258,4.840956955741406,476.0,0.0,98.32766627587154,0.0
11560NTC202011190001,0.842763387725826,0.0,0.0,0.0,0.0
11000NTC200409106862,4.419596181494795,35.0,26.0,7.919275554302409,5.882890411767504
11000NTC202406280004,5.592329188433882,383.0,62.0,68.48666934559662,11.08661488101042
11000NTC201511197649,1.3771452782967455,59.0,0.0,42.84224833052563,0.0
11380NTC202302210002,10.518236538497414,604.0,1.0,57.42407463354923,0.09507297124759806
11260NTC202503060004,4.453024897010203,252.0,0.0,56.5907458027452,0.0
11740NTC202511040006,1.710437361893816,13.0,0.0,7.6003952495555,0.0
11000NTC202012010001,0.19669917962945216,13.0,2.0,66.09076877946208,10.167810581455704
11000NTC202012010001,0.19594453673116508,32.0,18.0,163.3115193403113,91.8627296289251
11000NTC199506095309,4.897881988319835,18.0,8.0,3.6750579215516592,1.633359076245182
11290NTC202410220003,10.963796528884423,642.0,421.0,58.556358493942625,38.39910736129259
11000NTC202012010001,0.29747382989975807,11.0,5.0,36.97804275322891,16.80820125146769
11000NTC202012010001,0.18128922011120316,6.0,3.0,33.09628667562025,16.548143337810124
11620NTC202504180010,5.351640876199271,190.0,1.0,35.50312967467611,0.1868585772351374
11440NTC202504240001,0.35858942684661727,22.0,5.0,61.35150217189828,13.943523220885973
11290NTC202503200013,2.3761766971334306,232.0,191.0,97.63583671192463,80.3812276378345
11000NTC200903303096,3.8109189343148997,25.0,17.0,6.5600975593815205,4.460866340379434
11000NTC200803131847,2.867505175242493,15.0,13.0,5.231028048181818,4.533557641757576
11110NTC202202030004,1.8113282874615089,87.0,55.0,48.031050253141245,30.364457056583543
11620NTC202404190003,7.414551453242218,493.0,375.0,66.4908731308921,50.57622195554673
11000NTC200708271378,1.5223645141871447,7.0,7.0,4.598110330847798,4.598110330847798
11000NTC200908143722,1.5754572261547148,35.0,6.0,22.21577293178945,3.808418216878191
11000NTC200704120925,1.616649555231434,15.0,3.0,9.278448722210952,1.85568974444219
11000NTC200306214449,7.078128582041949,37.0,35.0,5.227370423006073,4.94480985960034
11140NTC202007090010,0.04610134528793002,3.0,1.0,65.07402292196106,21.69134097398702
11000NTC200301253766,2.2742179354503405,11.0,10.0,4.83682756543813,4.397115968580118
11000NTC200802281823,2.7366872259520023,137.0,115.0,50.0605252587249,42.02160879382018
11000NTC201405017184,0.2172720309297379,2.0,0.0,9.205050422006531,0.0
11380NTC202411120003,11.169293393049877,36.0,0.0,3.223122424414162,0.0
11000NTC202411180002,0.8495233127350302,76.0,51.0,89.46193572406966,60.03366739378359
11260NTC202306200002,1.1990688479712521,40.0,36.0,33.35921875351649,30.023296878164835
11000NTC201008265326,4.115840148032729,17.0,16.0,4.130383928570595,3.887420168066442
11000NTC200409206901,1.5338734014502193,12.0,7.0,7.823331435732866,4.563610004177505
11140NTC202007090010,0.055329638024737504,1.0,1.0,18.073496153235393,18.073496153235393
11170NTC202311150001,2.247031482816234,80.0,40.0,35.602527428647754,17.801263714323877
11000NTC200912244313,1.2272181101343171,145.0,78.0,118.15340631188207,63.55838408501242
11305NTC202101130002,5.755641382179915,431.0,370.0,74.88305323094353,64.28475567389584
11000NTC202306180001,24.440285396356074,1663.0,7.0,68.04339528080736,0.28641236738764375
11000NTC197312011134,1.1758257352962282,61.0,58.0,51.87843586756684,49.327037382276664
11000NTC201805249814,2.8241568948474147,228.0,0.0,80.73205862463902,0.0
11000NTC199502285102,4.4131305305410375,39.0,13.0,8.8372640986032,2.9457546995343997
11000NTC197703301949,1.4386100109592854,57.0,39.0,39.62157886138412,27.109501326210186
11000NTC198504016821,2.7244131355045265,14.0,10.0,5.138721369953819,3.670515264252728
11140NTC202007090010,0.42690739065920724,1.0,1.0,2.342428409252541,2.342428409252541
11380NTC202510160002,3.141505896323427,24.0,2.0,7.6396482426112025,0.6366373535509335
11170NTC202009160003,5.293860623279157,4.0,0.0,0.7555922387549173,0.0
11560NTC202302170002,3.7609024944326053,151.0,0.0,40.1499374747233,0.0
11170NTC202301300007,1.4056520423656516,63.0,42.0,44.81905770504465,29.8793718033631
11000NTC199309184061,3.516165719790564,21.0,11.0,5.9724147476333505,3.1284077249508027
11410NTC202408260001,0.17928192228585207,11.0,7.0,61.355879386775506,39.04465051885714
11000NTC200301223761,0.405961955872787,6.0,3.0,14.779710052141366,7.389855026070683
11000NTC200311055121,11.379674468185275,73.0,59.0,6.414946245087217,5.184682581645832
11000NTC202407080002,1.0575711262836198,74.0,0.0,69.97165312184842,0.0
11290NTC202503060003,7.83839578318211,554.0,499.0,70.67772734679336,63.660985462183916
11290NTC202504180005,6.500517303502612,479.0,453.0,73.68644334534807,69.68676166063189
11380NTC202309190007,4.777558662790983,177.0,161.0,37.04821070613481,33.69921990784014
11000NTC201011115581,2.002185100968861,16.0,8.0,7.991269135035302,3.995634567517651
11000NTC201204126460,1.664153806446321,29.0,0.0,17.426273874244462,0.0
11000NTC199103072216,0.6910794975186213,2.0,1.0,2.894023056943763,1.4470115284718814
11000NTC202108040001,4.16795080226889,111.0,40.0,26.631792280171684,9.597042263124932
11000NTC202012010001,0.16635697830135,7.0,3.0,42.078186749219135,18.0335086068082
11000NTC197911223505,5.11123230888707,61.0,13.0,11.934499610580655,2.5434179497958773
11000NTC200401105606,3.0556401742146098,14.0,13.0,4.581691299303071,4.254427635067138
11000NTC198108274338,3.2374450250683453,23.0,16.0,7.104367741198772,4.942168863442624
11000NTC200608240324,0.6361710071879783,14.0,5.0,22.006661482237632,7.859521957942011
11380NTC202009170006,3.642125115618675,11.0,1.0,3.0202147512253896,0.27456497738412633
11000NTC198711269331,0.6242260923274157,4.0,4.0,6.407934639652874,6.407934639652874
11290NTC202409250002,18.85469577835563,726.0,651.0,38.504996767617776,34.527207845343206
11000NTC200201051941,4.796782063303528,36.0,26.0,7.505031399155733,5.420300454945807
11440NTC202410250001,0.4764278607466509,16.0,14.0,33.583258491485005,29.38535118004938
11000NTC202204270002,27.231860718600103,1798.0,890.0,66.02560209085959,32.68230581805619
11110NTC202202030004,0.15397130365462303,15.0,8.0,97.42075077604645,51.95773374722477
11440NTC202406030001,2.9971927314838993,260.0,213.0,86.74784149475597,71.06650091685778
11000NTC201111036299,5.1802221844942435,42.0,11.0,8.107760343893542,2.1234610424483082
11000NTC198604077742,1.4615392812716452,5.0,4.0,3.421050712813984,2.7368405702511875
11000NTC202505210011,7.438708878216976,397.0,341.0,53.36947667928619,45.841288533089646
11230NTC202505270001,6.41183808293703,496.0,0.0,77.35691288274086,0.0
11305NTC202406050002,1.7716265697919957,133.0,115.0,75.07225408998882,64.91209940111814
11000NTC200311055120,1.4508426884413237,14.0,11.0,9.649564430062743,7.581800623620727
11000NTC200812262559,1.986478269834716,56.0,39.0,28.190592794483198,19.632734267586514
11200NTC201909060003,3.5748771535118924,34.0,2.0,9.510816327380379,0.5594597839635517
11290NTC202107120001,8.779716715222197,31.0,0.0,3.5308656310348225,0.0
11440NTC202201030001,27.37685878616758,172.0,88.0,6.282678423534282,3.2143936120407957
11000NTC200310305087,4.2430329255806445,21.0,14.0,4.949289899070538,3.299526599380359
11000NTC202204270002,27.231860718600103,1798.0,890.0,66.02560209085959,32.68230581805619
11000NTC200506028340,2.0620146294146693,21.0,10.0,10.184214845246338,4.84962611678397
11000NTC200704190944,0.6569265709363495,1.0,1.0,1.5222401471364617,1.5222401471364617
11000NTC200408056696,5.790352718840401,37.0,25.0,6.389938885693611,4.317526274117305
11000NTC200706211155,1.775204947363957,7.0,1.0,3.9432066761612297,0.5633152394516042
11140NTC202109170002,1.8596854687949105,151.0,92.0,81.1965262587383,49.47073123048956
11000NTC200505128187,15.515571606182194,73.0,45.0,4.704950732908421,2.900312095628479
11000NTC202209200002,0.18933152165292713,13.0,9.0,68.66262884545414,47.53566612377595
11000NTC199803047717,7.213491114773441,189.0,133.0,26.200905635403426,18.437674336024635
11000NTC202012010001,3.7420749699571827,126.0,47.0,33.671158651704324,12.559876639921455
11380NTC202411130006,1.322140582012051,96.0,76.0,72.60952526992699,57.4825408386922
11000NTC200708231376,3.162216276558183,252.0,3.0,79.69094393324724,0.9487017134910386
11380NTC202511200007,6.35458542088312,300.0,257.0,47.21000350614658,40.44323633693224
